M,theta_idx,theta_val,mu_kernel,method,trial,S_approx,S_ref,abs_err,rel_err,N_terms
64,0,0.7853981633974483,clean,sequential,0,8.642790758379916e-13,8.133718728538702e-13,5.090720298412154e-14,0.0625878576370042,4096
64,0,0.7853981633974483,clean,kahan,0,9.069116399835976e-13,8.133718728538702e-13,9.353976712972757e-14,0.1150024610533008,4096
64,0,0.7853981633974483,clean,sequential,1,5.954320191269008e-13,8.133718728538702e-13,2.179398537269693e-13,0.2679461400137747,4096
64,0,0.7853981633974483,clean,kahan,1,6.309591559149058e-13,8.133718728538702e-13,1.824127169389643e-13,0.2242673038335276,4096
64,0,0.7853981633974483,clean,sequential,2,9.063414324803392e-13,8.133718728538702e-13,9.296955962646929e-14,0.1143014194728272,4096
64,0,0.7853981633974483,clean,kahan,2,9.987119881291525e-13,8.133718728538702e-13,1.853401152752822e-13,0.2278663935414696,4096
64,0,0.7853981633974483,clean,sequential,3,8.938013935843979e-13,8.133718728538702e-13,8.04295207305277e-14,0.0988840694088983,4096
64,0,0.7853981633974483,clean,kahan,3,9.009068209419993e-13,8.133718728538702e-13,8.7534948088129e-14,0.107619836644948,4096
64,0,0.7853981633974483,clean,sequential,4,1.1312568822360536e-12,8.133718728538702e-13,3.178850093821835e-13,0.3908237056032236,4096
64,0,0.7853981633974483,clean,kahan,4,1.1312568822360534e-12,8.133718728538702e-13,3.178850093821833e-13,0.3908237056032233,4096
64,0,0.7853981633974483,clean,sequential,5,9.5164260962628e-13,8.133718728538702e-13,1.3827073677240986e-13,0.1699969489813566,4096
64,0,0.7853981633974483,clean,kahan,5,9.44537182268679e-13,8.133718728538702e-13,1.3116530941480885e-13,0.1612611817453071,4096
64,0,0.7853981633974483,clean,sequential,6,8.217092860634659e-13,8.133718728538702e-13,8.337413209595822e-15,0.0102504321674444,4096
64,0,0.7853981633974483,clean,kahan,6,8.074984313482638e-13,8.133718728538702e-13,5.873441505606283e-15,0.0072211023046545,4096
64,0,0.7853981633974483,clean,sequential,7,1.3894329514988225e-12,8.133718728538702e-13,5.760610786449524e-13,0.7082382583795679,4096
64,0,0.7853981633974483,clean,kahan,7,1.4249600882868278e-12,8.133718728538702e-13,6.115882154329575e-13,0.7519170945598153,4096
64,0,0.7853981633974483,clean,sequential,8,6.672625809227169e-13,8.133718728538702e-13,1.4610929193115322e-13,0.1796340601482824,4096
64,0,0.7853981633974483,clean,kahan,8,7.17000572425924e-13,8.133718728538702e-13,9.637130042794609e-14,0.1184836894959362,4096
64,0,0.7853981633974483,clean,sequential,9,1.1128731172293608e-12,8.133718728538702e-13,2.995012443754907e-13,0.3682217868250516,4096
64,0,0.7853981633974483,clean,kahan,9,1.0560296983685528e-12,8.133718728538702e-13,2.426578255146827e-13,0.2983356489366561,4096
64,0,0.7853981633974483,jackson,sequential,0,0.3498630088008454,0.3498630088007106,1.3483658634072526e-13,3.8539823573497893e-13,4096
64,0,0.7853981633974483,jackson,kahan,0,0.349863008800828,0.3498630088007106,1.174060848541103e-13,3.355773028322274e-13,4096
64,0,0.7853981633974483,jackson,sequential,1,0.3498630088005525,0.3498630088007106,1.5809575870662232e-13,4.5187903473578427e-13,4096
64,0,0.7853981633974483,jackson,kahan,1,0.3498630088005443,0.3498630088007106,1.6625589793761722e-13,4.752028472730596e-13,4096
64,0,0.7853981633974483,jackson,sequential,2,0.3498630088009239,0.3498630088007106,2.1332935418172385e-13,6.097510991887707e-13,4096
64,0,0.7853981633974483,jackson,kahan,2,0.349863008800923,0.3498630088007106,2.124411757620237e-13,6.072124529262101e-13,4096
64,0,0.7853981633974483,jackson,sequential,3,0.3498630088006295,0.3498630088007106,8.104628079763644e-14,2.316514714586535e-13,4096
64,0,0.7853981633974483,jackson,kahan,3,0.3498630088006361,0.3498630088007106,7.4495964952348e-14,2.1292895527226914e-13,4096
64,0,0.7853981633974483,jackson,sequential,4,0.349863008800979,0.3498630088007106,2.683964162031316e-13,7.67147167467527e-13,4096
64,0,0.7853981633974483,jackson,kahan,4,0.3498630088009827,0.3498630088007106,2.721711744868572e-13,7.779364140834094e-13,4096
64,0,0.7853981633974483,jackson,sequential,5,0.3498630088008837,0.3498630088007106,1.7313928069029316e-13,4.948773558079043e-13,4096
64,0,0.7853981633974483,jackson,kahan,5,0.3498630088008839,0.3498630088007106,1.7336132529521822e-13,4.955120173735443e-13,4096
64,0,0.7853981633974483,jackson,sequential,6,0.3498630088006839,0.3498630088007106,2.664535259100376e-14,7.615938787681757e-14,4096
64,0,0.7853981633974483,jackson,kahan,6,0.3498630088006809,0.3498630088007106,2.9698465908722944e-14,8.48859844043696e-14,4096
64,0,0.7853981633974483,jackson,sequential,7,0.3498630088012334,0.3498630088007106,5.228595334472175e-13,1.4944693216911348e-12,4096
64,0,0.7853981633974483,jackson,kahan,7,0.3498630088012195,0.3498630088007106,5.08981745639403e-13,1.4548029738386256e-12,4096
64,0,0.7853981633974483,jackson,sequential,8,0.3498630088006124,0.3498630088007106,9.819922652809511e-14,2.8067907740435483e-13,4096
64,0,0.7853981633974483,jackson,kahan,8,0.349863008800608,0.3498630088007106,1.0252909632413321e-13,2.930549779343376e-13,4096
64,0,0.7853981633974483,jackson,sequential,9,0.3498630088009,0.3498630088007106,1.894040480010517e-13,5.413663154910449e-13,4096
64,0,0.7853981633974483,jackson,kahan,9,0.3498630088008954,0.3498630088007106,1.8485213360008856e-13,5.283557533954219e-13,4096
64,0,0.7853981633974483,lorentz,sequential,0,0.3492092628708692,0.3492092628707495,1.1973755320582313e-13,3.4288195055736773e-13,4096
64,0,0.7853981633974483,lorentz,kahan,0,0.3492092628708646,0.3492092628707495,1.1513012765362873e-13,3.296880692888181e-13,4096
64,0,0.7853981633974483,lorentz,sequential,1,0.3492092628705855,0.3492092628707495,1.6397994073713565e-13,4.695750032204284e-13,4096
64,0,0.7853981633974483,lorentz,kahan,1,0.3492092628705905,0.3492092628707495,1.5898393712632244e-13,4.552683849774228e-13,4096
64,0,0.7853981633974483,lorentz,sequential,2,0.349209262870973,0.3492092628707495,2.235434060082753e-13,6.401416851620396e-13,4096
64,0,0.7853981633974483,lorentz,kahan,2,0.34920926287097,0.3492092628707495,2.2049029269055611e-13,6.313987517913139e-13,4096
64,0,0.7853981633974483,lorentz,sequential,3,0.3492092628706661,0.3492092628707495,8.337774914934927e-14,2.3876156223327134e-13,4096
64,0,0.7853981633974483,lorentz,kahan,3,0.3492092628706688,0.3492092628707495,8.065770273901762e-14,2.3097240341207943e-13,4096
64,0,0.7853981633974483,lorentz,sequential,4,0.3492092628710064,0.3492092628707495,2.569056078982612e-13,7.356781025403326e-13,4096
64,0,0.7853981633974483,lorentz,kahan,4,0.3492092628710077,0.3492092628707495,2.582378755278114e-13,7.394932007384676e-13,4096
64,0,0.7853981633974483,lorentz,sequential,5,0.3492092628709188,0.3492092628707495,1.6930901125533637e-13,4.848353960129677e-13,4096
64,0,0.7853981633974483,lorentz,kahan,5,0.349209262870923,0.3492092628707495,1.7352785874891197e-13,4.969165403070613e-13,4096
64,0,0.7853981633974483,lorentz,sequential,6,0.3492092628707182,0.3492092628707495,3.1308289294429414e-14,8.965480765616847e-14,4096
64,0,0.7853981633974483,lorentz,kahan,6,0.3492092628707141,0.3492092628707495,3.536060333431124e-14,1.0125906467549525e-13,4096
64,0,0.7853981633974483,lorentz,sequential,7,0.3492092628712488,0.3492092628707495,4.993783164763954e-13,1.4300259746008712e-12,4096
64,0,0.7853981633974483,lorentz,kahan,7,0.3492092628712539,0.3492092628707495,5.044298312384399e-13,1.4444915552687993e-12,4096
64,0,0.7853981633974483,lorentz,sequential,8,0.3492092628706378,0.3492092628707495,1.1163292512605949e-13,3.1967343651871414e-13,4096
64,0,0.7853981633974483,lorentz,kahan,8,0.3492092628706394,0.3492092628707495,1.1002310174035301e-13,3.1506352619596785e-13,4096
64,0,0.7853981633974483,lorentz,sequential,9,0.3492092628709363,0.3492092628707495,1.8685053504441385e-13,5.350675222884096e-13,4096
64,0,0.7853981633974483,lorentz,kahan,9,0.3492092628709359,0.3492092628707495,1.8640644583456378e-13,5.337958228890315e-13,4096
128,0,0.7853981633974483,clean,sequential,0,-4.248738303090955e-13,7.196322469544455e-13,1.144506077263541e-12,1.5904041016883324,16384
128,0,0.7853981633974483,clean,kahan,0,-2.543435737266716e-13,7.196322469544455e-13,9.73975820681117e-13,1.3534354870881322,16384
128,0,0.7853981633974483,clean,sequential,1,-5.050527687743404e-13,7.196322469544455e-13,1.224685015728786e-12,1.7018206464645982,16384
128,0,0.7853981633974483,clean,kahan,1,-4.0557678576792645e-13,7.196322469544455e-13,1.125209032722372e-12,1.5635889546144814,16384
128,0,0.7853981633974483,clean,sequential,2,9.600103597066766e-13,7.196322469544455e-13,2.403781127522311e-13,0.3340291013493835,16384
128,0,0.7853981633974483,clean,kahan,2,1.3437034370171305e-12,7.196322469544455e-13,6.240711900626849e-13,0.8672084841998333,16384
128,0,0.7853981633974483,clean,sequential,3,1.2026398286171456e-12,7.196322469544455e-13,4.830075816627001e-13,0.6711866841804766,16384
128,0,0.7853981633974483,clean,kahan,3,1.3163266663387616e-12,7.196322469544455e-13,5.966944193843161e-13,0.82916576058061,16384
128,0,0.7853981633974483,clean,sequential,4,7.139746165743612e-13,7.196322469544455e-13,5.657630380084325e-15,0.0078618355472923,16384
128,0,0.7853981633974483,clean,kahan,4,1.0124025655936029e-12,7.196322469544455e-13,2.9277031863915735e-13,0.4068332400030573,16384
128,0,0.7853981633974483,clean,sequential,5,-3.4292112421991634e-14,7.196322469544455e-13,7.539243593764371e-13,1.0476522731813631,16384
128,0,0.7853981633974483,clean,kahan,5,-1.1955724071320366e-13,7.196322469544455e-13,8.391894876676493e-13,1.1661365804814634,16384
128,0,0.7853981633974483,clean,sequential,6,-2.3618277624669775e-13,7.196322469544455e-13,9.558150232011433e-13,1.3281992673983782,16384
128,0,0.7853981633974483,clean,kahan,6,2.469862840701703e-13,7.196322469544455e-13,4.726459628842753e-13,0.6567881926978113,16384
128,0,0.7853981633974483,clean,sequential,7,3.182452701784913e-13,7.196322469544455e-13,4.013869767759543e-13,0.5577668016888674,16384
128,0,0.7853981633974483,clean,kahan,7,2.614018513176832e-13,7.196322469544455e-13,4.582303956367623e-13,0.6367563398889342,16384
128,0,0.7853981633974483,clean,sequential,8,1.6129082435289344e-12,7.196322469544455e-13,8.932759965744889e-13,1.2412951203269738,16384
128,0,0.7853981633974483,clean,kahan,8,1.8971253378329755e-12,7.196322469544455e-13,1.17749309087853e-12,1.6362428113273086,16384
128,0,0.7853981633974483,clean,sequential,9,4.137437260971637e-13,7.196322469544455e-13,3.058885208572818e-13,0.4250622761164916,16384
128,0,0.7853981633974483,clean,kahan,9,4.563762902427699e-13,7.196322469544455e-13,2.6325595671167575e-13,0.3658201224664415,16384
128,0,0.7853981633974483,jackson,sequential,0,0.3526673393204562,0.3526673393213845,9.283129820403246e-13,2.6322624142814543e-12,16384
128,0,0.7853981633974483,jackson,kahan,0,0.3526673393204416,0.3526673393213845,9.42967925965377e-13,2.6738169964359904e-12,16384
128,0,0.7853981633974483,jackson,sequential,1,0.3526673393200358,0.3526673393213845,1.3486989303146402e-12,3.824280787979562e-12,16384
128,0,0.7853981633974483,jackson,kahan,1,0.3526673393200463,0.3526673393213845,1.3382628338831637e-12,3.794688888566484e-12,16384
128,0,0.7853981633974483,jackson,sequential,2,0.3526673393215958,0.3526673393213845,2.1127544158616731e-13,5.990785593945593e-13,16384
128,0,0.7853981633974483,jackson,kahan,2,0.352667339321582,0.3526673393213845,1.9750867608081535e-13,5.600424367645408e-13,16384
128,0,0.7853981633974483,jackson,sequential,3,0.3526673393223971,0.3526673393213845,1.012578909609374e-12,2.8712012616700358e-12,16384
128,0,0.7853981633974483,jackson,kahan,3,0.352667339322416,0.3526673393213845,1.031508212179233e-12,2.9248759302863118e-12,16384
128,0,0.7853981633974483,jackson,sequential,4,0.3526673393216322,0.3526673393213845,2.476907567938724e-13,7.023353998997699e-13,16384
128,0,0.7853981633974483,jackson,kahan,4,0.3526673393215996,0.3526673393213845,2.1505019986989282e-13,6.09782012373758e-13,16384
128,0,0.7853981633974483,jackson,sequential,5,0.3526673393200443,0.3526673393213845,1.3402057241762577e-12,3.800198018776365e-12,16384
128,0,0.7853981633974483,jackson,kahan,5,0.3526673393200238,0.3526673393213845,1.3607448501318233e-12,3.8584373952808276e-12,16384
128,0,0.7853981633974483,jackson,sequential,6,0.3526673393203479,0.3526673393213845,1.0366152380925089e-12,2.9393570725522858e-12,16384
128,0,0.7853981633974483,jackson,kahan,6,0.3526673393203715,0.3526673393213845,1.013022998819224e-12,2.8724604914322946e-12,16384
128,0,0.7853981633974483,jackson,sequential,7,0.3526673393209598,0.3526673393213845,4.2471581807035363e-13,1.2042958638801297e-12,16384
128,0,0.7853981633974483,jackson,kahan,7,0.3526673393209435,0.3526673393213845,4.410360965323434e-13,1.2505725576431356e-12,16384
128,0,0.7853981633974483,jackson,sequential,8,0.3526673393224229,0.3526673393213845,1.0383360837806777e-12,2.944236587881039e-12,16384
128,0,0.7853981633974483,jackson,kahan,8,0.3526673393224115,0.3526673393213845,1.0269562977782698e-12,2.9119688252231597e-12,16384
128,0,0.7853981633974483,jackson,sequential,9,0.3526673393210874,0.3526673393213845,2.970956813896919e-13,8.424247109510461e-13,16384
128,0,0.7853981633974483,jackson,kahan,9,0.3526673393210796,0.3526673393213845,3.049782648645305e-13,8.647760392311375e-13,16384
128,0,0.7853981633974483,lorentz,sequential,0,0.3523611922934481,0.3523611922943667,9.185985305748545e-13,2.6069798566450712e-12,16384
128,0,0.7853981633974483,lorentz,kahan,0,0.3523611922934462,0.3523611922943667,9.205414208679483e-13,2.6124937734315453e-12,16384
128,0,0.7853981633974483,lorentz,sequential,1,0.3523611922930877,0.3523611922943667,1.2789769243681805e-12,3.6297326502962563e-12,16384
128,0,0.7853981633974483,lorentz,kahan,1,0.3523611922930791,0.3523611922943667,1.2875811528090253e-12,3.654151424636356e-12,16384
128,0,0.7853981633974483,lorentz,sequential,2,0.3523611922945718,0.3523611922943667,2.051137037994977e-13,5.821120721720774e-13,16384
128,0,0.7853981633974483,lorentz,kahan,2,0.3523611922945757,0.3523611922943667,2.089994843856857e-13,5.931399057450261e-13,16384
128,0,0.7853981633974483,lorentz,sequential,3,0.3523611922954425,0.3523611922943667,1.0757505997105454e-12,3.052976954431039e-12,16384
128,0,0.7853981633974483,lorentz,kahan,3,0.3523611922954237,0.3523611922943667,1.0569878305943805e-12,2.9997282723216586e-12,16384
128,0,0.7853981633974483,lorentz,sequential,4,0.3523611922946176,0.3523611922943667,2.5091040356528543e-13,7.120829678532585e-13,16384
128,0,0.7853981633974483,lorentz,kahan,4,0.3523611922946154,0.3523611922943667,2.486344463648038e-13,7.056238081891029e-13,16384
128,0,0.7853981633974483,lorentz,sequential,5,0.352361192293015,0.3523611922943667,1.3516965324811279e-12,3.8361106785900086e-12,16384
128,0,0.7853981633974483,lorentz,kahan,5,0.3523611922930114,0.3523611922943667,1.3553047573111598e-12,3.846350809764891e-12,16384
128,0,0.7853981633974483,lorentz,sequential,6,0.3523611922933893,0.3523611922943667,9.773848397287566e-13,2.773815224555824e-12,16384
128,0,0.7853981633974483,lorentz,kahan,6,0.3523611922933714,0.3523611922943667,9.953704527276839e-13,2.8248583399506146e-12,16384
128,0,0.7853981633974483,lorentz,sequential,7,0.3523611922939832,0.3523611922943667,3.8347103270552907e-13,1.0882896331704224e-12,16384
128,0,0.7853981633974483,lorentz,kahan,7,0.3523611922939771,0.3523611922943667,3.8963277049219874e-13,1.1057766264075268e-12,16384
128,0,0.7853981633974483,lorentz,sequential,8,0.3523611922954224,0.3523611922943667,1.0557110741160614e-12,2.9961048412905464e-12,16384
128,0,0.7853981633974483,lorentz,kahan,8,0.3523611922954146,0.3523611922943667,1.047884001792454e-12,2.9738916336650357e-12,16384
128,0,0.7853981633974483,lorentz,sequential,9,0.3523611922941155,0.3523611922943667,2.511879593214417e-13,7.128706702513262e-13,16384
128,0,0.7853981633974483,lorentz,kahan,9,0.3523611922940894,0.3523611922943667,2.773337115513641e-13,7.870722361493097e-13,16384
256,0,0.7853981633974483,clean,sequential,0,-1.1522542069282842e-11,-5.699590132866043e-12,5.822951936416799e-12,1.0216439780185953,65536
256,0,0.7853981633974483,clean,kahan,0,-9.902504631749817e-12,-5.699590132866043e-12,4.2029144988837736e-12,0.7374064451842145,65536
256,0,0.7853981633974483,clean,sequential,1,-5.496864786271021e-12,-5.699590132866043e-12,2.027253465950221e-13,0.0355684078800735,65536
256,0,0.7853981633974483,clean,kahan,1,-5.752660171144655e-12,-5.699590132866043e-12,5.307003827861234e-14,0.00931120256746,65536
256,0,0.7853981633974483,clean,sequential,2,3.3862946455753297e-12,-5.699590132866043e-12,9.085884778441371e-12,1.594129501707262,65536
256,0,0.7853981633974483,clean,kahan,2,3.528403192727349e-12,-5.699590132866043e-12,9.227993325593391e-12,1.6190626186225583,65536
256,0,0.7853981633974483,clean,sequential,3,-3.609525764294826e-12,-5.699590132866043e-12,2.090064368571217e-12,0.3667043278286094,65536
256,0,0.7853981633974483,clean,kahan,3,-4.7748158509413934e-12,-5.699590132866043e-12,9.247742819246496e-13,0.1622527691231766,65536
256,0,0.7853981633974483,clean,sequential,4,-4.5711402676284855e-12,-5.699590132866043e-12,1.1284498652375577e-12,0.1979878971876379,65536
256,0,0.7853981633974483,clean,kahan,4,-4.969044199654137e-12,-5.699590132866043e-12,7.305459332119062e-13,0.1281751698248082,65536
256,0,0.7853981633974483,clean,sequential,5,-2.799239168287624e-12,-5.699590132866043e-12,2.9003509645784197e-12,0.5088700936325005,65536
256,0,0.7853981633974483,clean,kahan,5,-3.1402996814524717e-12,-5.699590132866043e-12,2.559290451413572e-12,0.4490306130357887,65536
256,0,0.7853981633974483,clean,sequential,6,-4.605756192379478e-12,-5.699590132866043e-12,1.0938339404865653e-12,0.1919144912156218,65536
256,0,0.7853981633974483,clean,kahan,6,-4.918394996113925e-12,-5.699590132866043e-12,7.81195136752118e-13,0.1370616340019687,65536
256,0,0.7853981633974483,clean,sequential,7,-5.687971096220299e-12,-5.699590132866043e-12,1.1619036645744324e-14,0.0020385740684658,65536
256,0,0.7853981633974483,clean,kahan,7,-6.853261182866863e-12,-5.699590132866043e-12,1.15367105000082e-12,0.2024129846369664,65536
256,0,0.7853981633974483,clean,sequential,8,-1.2840870742456405e-12,-5.699590132866043e-12,4.415503058620403e-12,0.7747053657698828,65536
256,0,0.7853981633974483,clean,kahan,8,2.506852349961741e-13,-5.699590132866043e-12,5.950275367862218e-12,1.043983028455086,65536
256,0,0.7853981633974483,clean,sequential,9,-3.749437892970111e-12,-5.699590132866043e-12,1.9501522398959325e-12,0.3421565751983813,65536
256,0,0.7853981633974483,clean,kahan,9,-2.584147806323544e-12,-5.699590132866043e-12,3.115442326542499e-12,0.5466081339038139,65536
256,0,0.7853981633974483,jackson,sequential,0,0.3533362043543485,0.3533362043580717,3.723188424231694e-12,1.0537240108173593e-11,65536
256,0,0.7853981633974483,jackson,kahan,0,0.3533362043544169,0.3533362043580717,3.654798685914784e-12,1.0343685817745989e-11,65536
256,0,0.7853981633974483,jackson,sequential,1,0.3533362043585993,0.3533362043580717,5.275779813018744e-13,1.4931330975843778e-12,65536
256,0,0.7853981633974483,jackson,kahan,1,0.3533362043586411,0.3533362043580717,5.693778781790115e-13,1.6114337312629379e-12,65536
256,0,0.7853981633974483,jackson,sequential,2,0.3533362043670203,0.3533362043580717,8.948619623083687e-12,2.532607616403536e-11,65536
256,0,0.7853981633974483,jackson,kahan,2,0.35333620436689,0.3533362043580717,8.818279439992693e-12,2.4957191850785343e-11,65536
256,0,0.7853981633974483,jackson,sequential,3,0.3533362043605056,0.3533362043580717,2.433941936885731e-12,6.888458943253855e-12,65536
256,0,0.7853981633974483,jackson,kahan,3,0.3533362043604609,0.3533362043580717,2.389199948993337e-12,6.761831704548782e-12,65536
256,0,0.7853981633974483,jackson,sequential,4,0.3533362043592272,0.3533362043580717,1.155520124029863e-12,3.2703134006014738e-12,65536
256,0,0.7853981633974483,jackson,kahan,4,0.3533362043593082,0.3533362043580717,1.2364553825250368e-12,3.499373591708169e-12,65536
256,0,0.7853981633974483,jackson,sequential,5,0.3533362043604888,0.3533362043580717,2.41712205806266e-12,6.84085589942304e-12,65536
256,0,0.7853981633974483,jackson,kahan,5,0.3533362043605803,0.3533362043580717,2.508548924140541e-12,7.0996090782657855e-12,65536
256,0,0.7853981633974483,jackson,sequential,6,0.3533362043596094,0.3533362043580717,1.537714400257073e-12,4.351986525271975e-12,65536
256,0,0.7853981633974483,jackson,kahan,6,0.3533362043596471,0.3533362043580717,1.575350960791866e-12,4.4585042273092436e-12,65536
256,0,0.7853981633974483,jackson,sequential,7,0.3533362043566558,0.3533362043580717,1.4158674233044621e-12,4.007139392570196e-12,65536
256,0,0.7853981633974483,jackson,kahan,7,0.3533362043566959,0.3533362043580717,1.3758438832667252e-12,3.893866143058587e-12,65536
256,0,0.7853981633974483,jackson,sequential,8,0.3533362043635895,0.3533362043580717,5.517808432387028e-12,1.5616312068590822e-11,65536
256,0,0.7853981633974483,jackson,kahan,8,0.3533362043635542,0.3533362043580717,5.482503340203948e-12,1.5516392808272676e-11,65536
256,0,0.7853981633974483,jackson,sequential,9,0.3533362043607518,0.3533362043580717,2.680078381445128e-12,7.58506586188697e-12,65536
256,0,0.7853981633974483,jackson,kahan,9,0.3533362043609383,0.3533362043580717,2.8665958495821538e-12,8.112941199416799e-12,65536
256,0,0.7853981633974483,lorentz,sequential,0,0.3532434326635094,0.3532434326673196,3.810285420513537e-12,1.0786571152200353e-11,65536
256,0,0.7853981633974483,lorentz,kahan,0,0.3532434326635775,0.3532434326673196,3.742173237952784e-12,1.0593751764033832e-11,65536
256,0,0.7853981633974483,lorentz,sequential,1,0.3532434326676515,0.3532434326673196,3.318456620604593e-13,9.394248593801528e-13,65536
256,0,0.7853981633974483,lorentz,kahan,1,0.3532434326677092,0.3532434326673196,3.895772593409674e-13,1.1028577556256129e-12,65536
256,0,0.7853981633974483,lorentz,sequential,2,0.3532434326760682,0.3532434326673196,8.748557434046234e-12,2.4766369661811992e-11,65536
256,0,0.7853981633974483,lorentz,kahan,2,0.3532434326760773,0.3532434326673196,8.757605751696929e-12,2.479198462535816e-11,65536
256,0,0.7853981633974483,lorentz,sequential,3,0.3532434326696113,0.3532434326673196,2.2916113451287856e-12,6.487343098851033e-12,65536
256,0,0.7853981633974483,lorentz,kahan,3,0.3532434326696223,0.3532434326673196,2.302658064223806e-12,6.5186153549595375e-12,65536
256,0,0.7853981633974483,lorentz,sequential,4,0.3532434326683105,0.3532434326673196,9.90818538326721e-13,2.804917081812705e-12,65536
256,0,0.7853981633974483,lorentz,kahan,4,0.3532434326683269,0.3532434326673196,1.0072498390911733e-12,2.8514325984364125e-12,65536
256,0,0.7853981633974483,lorentz,sequential,5,0.3532434326697579,0.3532434326673196,2.438216295530537e-12,6.902368367105128e-12,65536
256,0,0.7853981633974483,lorentz,kahan,5,0.3532434326697752,0.3532434326673196,2.45553577471469e-12,6.951398235978766e-12,65536
256,0,0.7853981633974483,lorentz,sequential,6,0.3532434326687518,0.3532434326673196,1.4321321906152209e-12,4.054235855996749e-12,65536
256,0,0.7853981633974483,lorentz,kahan,6,0.3532434326687879,0.3532434326673196,1.4682699500667697e-12,4.156538563165782e-12,65536
256,0,0.7853981633974483,lorentz,sequential,7,0.3532434326658198,0.3532434326673196,1.4998557951173552e-12,4.245955215053923e-12,65536
256,0,0.7853981633974483,lorentz,kahan,7,0.3532434326658542,0.3532434326673196,1.4654388813539754e-12,4.14852406536913e-12,65536
256,0,0.7853981633974483,lorentz,sequential,8,0.3532434326727404,0.3532434326673196,5.420719428883558e-12,1.5345563222370578e-11,65536
256,0,0.7853981633974483,lorentz,kahan,8,0.3532434326727793,0.3532434326673196,5.45963274589667e-12,1.5455723280320644e-11,65536
256,0,0.7853981633974483,lorentz,sequential,9,0.3532434326700077,0.3532434326673196,2.688071987222429e-12,7.609687084413604e-12,65536
256,0,0.7853981633974483,lorentz,kahan,9,0.353243432670065,0.3532434326673196,2.745359495293087e-12,7.771862804534099e-12,65536
384,0,0.7853981633974483,clean,sequential,0,-3.1175901412354256e-12,-2.104801278897252e-11,1.7930422647737092e-11,0.8518819723033999,147456
384,0,0.7853981633974483,clean,kahan,0,-1.810191507436837e-12,-2.104801278897252e-11,1.923782128153568e-11,0.9139970349892016,147456
384,0,0.7853981633974483,clean,sequential,1,-1.3340602477706771e-11,-2.104801278897252e-11,7.707410311265746e-12,0.3661823274501151,147456
384,0,0.7853981633974483,clean,kahan,1,-1.0271057859223124e-11,-2.104801278897252e-11,1.0776954929749391e-11,0.5120176920167807,147456
384,0,0.7853981633974483,clean,sequential,2,-3.0013168265874527e-11,-2.104801278897252e-11,8.96515547690201e-12,0.4259383328386724,147456
384,0,0.7853981633974483,clean,kahan,2,-2.9615264333848864e-11,-2.104801278897252e-11,8.567251544876347e-12,0.4070337485429933,147456
384,0,0.7853981633974483,clean,sequential,3,-2.5667863387291256e-11,-2.104801278897252e-11,4.61985059831874e-12,0.2194910581173332,147456
384,0,0.7853981633974483,clean,kahan,3,-2.8794251424635717e-11,-2.104801278897252e-11,7.746238635663197e-12,0.3680270775833816,147456
384,0,0.7853981633974483,clean,sequential,4,-2.458199832545061e-11,-2.104801278897252e-11,3.533985536478093e-12,0.1679011492395909,147456
384,0,0.7853981633974483,clean,kahan,4,-2.338828652937363e-11,-2.104801278897252e-11,2.340273740401112e-12,0.1111873963525539,147456
384,0,0.7853981633974483,clean,sequential,5,-7.016648516742932e-12,-2.104801278897252e-11,1.4031364272229584e-11,0.6666360578981073,147456
384,0,0.7853981633974483,clean,kahan,5,-1.1962025957633232e-11,-2.104801278897252e-11,9.085986831339283e-12,0.4316790816518136,147456
384,0,0.7853981633974483,clean,sequential,6,-9.452831445661143e-12,-2.104801278897252e-11,1.1595181343311372e-11,0.5508919753881149,147456
384,0,0.7853981633974483,clean,kahan,6,-1.0248639309712444e-11,-2.104801278897252e-11,1.0799373479260072e-11,0.5130828067967578,147456
384,0,0.7853981633974483,clean,sequential,7,-2.532890466165973e-11,-2.104801278897252e-11,4.280891872687215e-12,0.2033869855367087,147456
384,0,0.7853981633974483,clean,kahan,7,-2.4874157310773264e-11,-2.104801278897252e-11,3.826144521800748e-12,0.1817817463416471,147456
384,0,0.7853981633974483,clean,sequential,8,-1.847747454268709e-11,-2.104801278897252e-11,2.570538246285422e-12,0.1221273605284095,147456
384,0,0.7853981633974483,clean,kahan,8,-1.9159595569016778e-11,-2.104801278897252e-11,1.888417219955736e-12,0.0897195017358178,147456
384,0,0.7853981633974483,clean,sequential,9,-8.74699299111355e-12,-2.104801278897252e-11,1.2301019797858969e-11,0.5844266592380504,147456
384,0,0.7853981633974483,clean,kahan,9,-1.3464996756560599e-11,-2.104801278897252e-11,7.583016032411918e-12,0.3602723025892884,147456
384,0,0.7853981633974483,jackson,sequential,0,0.3534574919710544,0.353457491956862,1.4192425012993226e-11,4.015313110048704e-11,147456
384,0,0.7853981633974483,jackson,kahan,0,0.3534574919711532,0.353457491956862,1.4291179351033634e-11,4.0432526332693516e-11,147456
384,0,0.7853981633974483,jackson,sequential,1,0.3534574919683312,0.353457491956862,1.1469214467041413e-11,3.244863874166e-11,147456
384,0,0.7853981633974483,jackson,kahan,1,0.3534574919686398,0.353457491956862,1.1777745445584742e-11,3.332153289601841e-11,147456
384,0,0.7853981633974483,jackson,sequential,2,0.3534574919473554,0.353457491956862,9.506673226411522e-12,2.6896227814494223e-11,147456
384,0,0.7853981633974483,jackson,kahan,2,0.3534574919473948,0.353457491956862,9.467260309037329e-12,2.678472100456359e-11,147456
384,0,0.7853981633974483,jackson,sequential,3,0.3534574919463137,0.353457491956862,1.0548284468114844e-11,2.9843148633562465e-11,147456
384,0,0.7853981633974483,jackson,kahan,3,0.3534574919466768,0.353457491956862,1.0185186027911186e-11,2.881587251559586e-11,147456
384,0,0.7853981633974483,jackson,sequential,4,0.3534574919532238,0.353457491956862,3.638200851696638e-12,1.0293177919512496e-11,147456
384,0,0.7853981633974483,jackson,kahan,4,0.3534574919533931,0.353457491956862,3.4688918404413016e-12,9.814169792345679e-12,147456
384,0,0.7853981633974483,jackson,sequential,5,0.3534574919638343,0.353457491956862,6.9723116169484456e-12,1.97260258322644e-11,147456
384,0,0.7853981633974483,jackson,kahan,5,0.3534574919638854,0.353457491956862,7.023381876081203e-12,1.9870513529639304e-11,147456
384,0,0.7853981633974483,jackson,sequential,6,0.3534574919651955,0.353457491956862,8.333500556290119e-12,2.3577094122840625e-11,147456
384,0,0.7853981633974483,jackson,kahan,6,0.3534574919651179,0.353457491956862,8.255840455717589e-12,2.335737859172378e-11,147456
384,0,0.7853981633974483,jackson,sequential,7,0.3534574919509066,0.353457491956862,5.9554028375430335e-12,1.6848993084209018e-11,147456
384,0,0.7853981633974483,jackson,kahan,7,0.3534574919508925,0.353457491956862,5.969558181107004e-12,1.6889041304677065e-11,147456
384,0,0.7853981633974483,jackson,sequential,8,0.3534574919562123,0.353457491956862,6.497025140106416e-13,1.838134793560791e-12,147456
384,0,0.7853981633974483,jackson,kahan,8,0.3534574919563837,0.353457491956862,4.783395901597487e-13,1.3533157481299845e-12,147456
384,0,0.7853981633974483,jackson,sequential,9,0.3534574919633149,0.353457491956862,6.452838263726335e-12,1.8256334667009618e-11,147456
384,0,0.7853981633974483,jackson,kahan,9,0.3534574919636777,0.353457491956862,6.815659148173836e-12,1.928282552575136e-11,147456
384,0,0.7853981633974483,lorentz,sequential,0,0.3534139641596482,0.3534139641452786,1.43696166077234e-11,4.0659447745580456e-11,147456
384,0,0.7853981633974483,lorentz,kahan,0,0.3534139641596359,0.3534139641452786,1.4357348643301292e-11,4.062473501301547e-11,147456
384,0,0.7853981633974483,lorentz,sequential,1,0.3534139641569889,0.3534139641452786,1.1710299396838764e-11,3.313479540956958e-11,147456
384,0,0.7853981633974483,lorentz,kahan,1,0.3534139641569856,0.3534139641452786,1.170702423891612e-11,3.312552820947304e-11,147456
384,0,0.7853981633974483,lorentz,sequential,2,0.3534139641358959,0.3534139641452786,9.382661314560892e-12,2.6548643422318034e-11,147456
384,0,0.7853981633974483,lorentz,kahan,2,0.3534139641357827,0.3534139641452786,9.495848551921426e-12,2.6868911574806785e-11,147456
384,0,0.7853981633974483,lorentz,sequential,3,0.3534139641350773,0.3534139641452786,1.0201284261768252e-11,2.8864972232887744e-11,147456
384,0,0.7853981633974483,lorentz,kahan,3,0.3534139641350704,0.3534139641452786,1.0208167644520928e-11,2.888444906020928e-11,147456
384,0,0.7853981633974483,lorentz,sequential,4,0.3534139641417401,0.3534139641452786,3.538447312934068e-12,1.001218874158439e-11,147456
384,0,0.7853981633974483,lorentz,kahan,4,0.3534139641416832,0.3534139641452786,3.5954017540973378e-12,1.0173343780551268e-11,147456
384,0,0.7853981633974483,lorentz,sequential,5,0.353413964152614,0.3534139641452786,7.335410057152103e-12,2.07558580060428e-11,147456
384,0,0.7853981633974483,lorentz,kahan,5,0.3534139641525631,0.3534139641452786,7.28450633147304e-12,2.0611823726576298e-11,147456
384,0,0.7853981633974483,lorentz,sequential,6,0.353413964153261,0.3534139641452786,7.982392524752413e-12,2.2586522703078804e-11,147456
384,0,0.7853981633974483,lorentz,kahan,6,0.3534139641533336,0.3534139641452786,8.05505662171413e-12,2.279212888827144e-11,147456
384,0,0.7853981633974483,lorentz,sequential,7,0.3534139641392222,0.3534139641452786,6.056322110481459e-12,1.7136623690375393e-11,147456
384,0,0.7853981633974483,lorentz,kahan,7,0.3534139641391338,0.3534139641452786,6.144806885544085e-12,1.7386995164169933e-11,147456
384,0,0.7853981633974483,lorentz,sequential,8,0.3534139641448284,0.3534139641452786,4.501399253342697e-13,1.273690264115398e-12,147456
384,0,0.7853981633974483,lorentz,kahan,8,0.3534139641447648,0.3534139641452786,5.137557046452912e-13,1.4536938456514994e-12,147456
384,0,0.7853981633974483,lorentz,sequential,9,0.3534139641519785,0.3534139641452786,6.699973909007895e-12,1.8957864116126784e-11,147456
384,0,0.7853981633974483,lorentz,kahan,9,0.3534139641519256,0.3534139641452786,6.647016270733275e-12,1.8808018202701443e-11,147456
512,0,0.7853981633974483,clean,sequential,0,-3.572836599956415e-11,-3.830125464456114e-11,2.572888644996988e-12,0.0671750486733035,262144
512,0,0.7853981633974483,clean,kahan,0,-3.2317760867915656e-11,-3.830125464456114e-11,5.983493776645475e-12,0.156221873987492,262144
512,0,0.7853981633974483,clean,sequential,1,-6.602935241305505e-11,-3.830125464456114e-11,2.772809776849391e-11,0.7239475057883348,262144
512,0,0.7853981633974483,clean,kahan,1,-5.915129873089723e-11,-3.830125464456114e-11,2.085004408633609e-11,0.5443697414047203,262144
512,0,0.7853981633974483,clean,sequential,2,-1.0288307722489008e-11,-3.830125464456114e-11,2.801294692207213e-11,0.7313845768770406,262144
512,0,0.7853981633974483,clean,kahan,2,-1.0913585329957891e-11,-3.830125464456114e-11,2.7387669314603244e-11,0.7150593255694394,262144
512,0,0.7853981633974483,clean,sequential,3,-2.1022396375804117e-11,-3.830125464456114e-11,1.7278858268757024e-11,0.4511303462277223,262144
512,0,0.7853981633974483,clean,kahan,3,-2.3125602873654013e-11,-3.830125464456114e-11,1.5175651770907124e-11,0.3962181372839727,262144
512,0,0.7853981633974483,clean,sequential,4,-7.53754684679913e-11,-3.830125464456114e-11,3.707421382343016e-11,0.9679634301142868,262144
512,0,0.7853981633974483,clean,kahan,4,-7.47501908605225e-11,-3.830125464456114e-11,3.6448936215961355e-11,0.951638178806688,262144
512,0,0.7853981633974483,clean,sequential,5,-2.676293762641378e-11,-3.830125464456114e-11,1.1538317018147358e-11,0.3012516724379895,262144
512,0,0.7853981633974483,clean,kahan,5,-2.647872053210974e-11,-3.830125464456114e-11,1.1822534112451398e-11,0.3086722412141719,262144
512,0,0.7853981633974483,clean,sequential,6,-3.181589490273732e-11,-3.830125464456114e-11,6.485359741823817e-12,0.1693249947556157,262144
512,0,0.7853981633974483,clean,kahan,6,-2.9655844986026544e-11,-3.830125464456114e-11,8.645409658534593e-12,0.2257213174546035,262144
512,0,0.7853981633974483,clean,sequential,7,-5.843451550674404e-11,-3.830125464456114e-11,2.0133260862182903e-11,0.5256553877678749,262144
512,0,0.7853981633974483,clean,kahan,7,-6.110615619320206e-11,-3.830125464456114e-11,2.280490154864092e-11,0.5954087342639901,262144
512,0,0.7853981633974483,clean,sequential,8,-2.9244390125307466e-11,-3.830125464456114e-11,9.056864519253672e-12,0.2364639123000574,262144
512,0,0.7853981633974483,clean,kahan,8,-2.8675955936699396e-11,-3.830125464456114e-11,9.625298707861738e-12,0.2513050498524218,262144
512,0,0.7853981633974483,clean,sequential,9,-1.6698214650630156e-12,-3.830125464456114e-11,3.6631433179498116e-11,0.956402956494269,262144
512,0,0.7853981633974483,clean,kahan,9,-4.909896340129072e-12,-3.830125464456114e-11,3.3391358304432065e-11,0.8718084724457901,262144
512,0,0.7853981633974483,jackson,sequential,0,0.3534996232608535,0.3534996232561985,4.654998608799588e-12,1.316832693036813e-11,262144
512,0,0.7853981633974483,jackson,kahan,0,0.3534996232607163,0.3534996232561985,4.517775042955918e-12,1.2780141040438013e-11,262144
512,0,0.7853981633974483,jackson,sequential,1,0.3534996232342459,0.3534996232561985,2.1952606399366917e-11,6.21007915005804e-11,262144
512,0,0.7853981633974483,jackson,kahan,1,0.3534996232350186,0.3534996232561985,2.117994668537904e-11,5.991504740594557e-11,262144
512,0,0.7853981633974483,jackson,sequential,2,0.3534996232851959,0.3534996232561985,2.8997360068672148e-11,8.202939454805681e-11,262144
512,0,0.7853981633974483,jackson,kahan,2,0.3534996232847736,0.3534996232561985,2.8575086741255973e-11,8.083484355101051e-11,262144
512,0,0.7853981633974483,jackson,sequential,3,0.3534996232666027,0.3534996232561985,1.0404177519518498e-11,2.9431933826922584e-11,262144
512,0,0.7853981633974483,jackson,kahan,3,0.3534996232671906,0.3534996232561985,1.099204061105752e-11,3.109491464179312e-11,262144
512,0,0.7853981633974483,jackson,sequential,4,0.3534996232204997,0.3534996232561985,3.569877726761206e-11,1.0098674770507293e-10,262144
512,0,0.7853981633974483,jackson,kahan,4,0.3534996232200623,0.3534996232561985,3.6136260650465595e-11,1.0222432577891568e-10,262144
512,0,0.7853981633974483,jackson,sequential,5,0.3534996232730714,0.3534996232561985,1.6872891972496973e-11,4.773100411557825e-11,262144
512,0,0.7853981633974483,jackson,kahan,5,0.353499623273253,0.3534996232561985,1.705452445932565e-11,4.824481650710388e-11,262144
512,0,0.7853981633974483,jackson,sequential,6,0.3534996232652619,0.3534996232561985,9.063416683829928e-12,2.5639112710627203e-11,262144
512,0,0.7853981633974483,jackson,kahan,6,0.3534996232645307,0.3534996232561985,8.332168288660569e-12,2.3570515328730173e-11,262144
512,0,0.7853981633974483,jackson,sequential,7,0.3534996232299132,0.3534996232561985,2.628536277526905e-11,7.435754112874614e-11,262144
512,0,0.7853981633974483,jackson,kahan,7,0.3534996232296533,0.3534996232561985,2.65452659853338e-11,7.509277022933385e-11,262144
512,0,0.7853981633974483,jackson,sequential,8,0.353499623258788,0.3534996232561985,2.589484182635715e-12,7.325281308034065e-12,262144
512,0,0.7853981633974483,jackson,kahan,8,0.3534996232584501,0.3534996232561985,2.2515878050910487e-12,6.369420664019244e-12,262144
512,0,0.7853981633974483,jackson,sequential,9,0.3534996232821478,0.3534996232561985,2.5949242754563784e-11,7.340670554479515e-11,262144
512,0,0.7853981633974483,jackson,kahan,9,0.3534996232816734,0.3534996232561985,2.547484445614145e-11,7.206470044150113e-11,262144
512,0,0.7853981633974483,lorentz,sequential,0,0.3534745047789416,0.353474504774854,4.0876191320649005e-12,1.156411304591406e-11,262144
512,0,0.7853981633974483,lorentz,kahan,0,0.3534745047789863,0.353474504774854,4.132305608806064e-12,1.169053369616612e-11,262144
512,0,0.7853981633974483,lorentz,sequential,1,0.3534745047530599,0.353474504774854,2.1794122062601676e-11,6.165684304864776e-11,262144
512,0,0.7853981633974483,lorentz,kahan,1,0.3534745047532465,0.353474504774854,2.1607549083313412e-11,6.112901720330967e-11,262144
512,0,0.7853981633974483,lorentz,sequential,2,0.3534745048029836,0.353474504774854,2.8129554241473894e-11,7.958015036866959e-11,262144
512,0,0.7853981633974483,lorentz,kahan,2,0.3534745048031962,0.353474504774854,2.8342217461840846e-11,8.018178702844057e-11,262144
512,0,0.7853981633974483,lorentz,sequential,3,0.353474504786245,0.353474504774854,1.1390943743805336e-11,3.222564453710972e-11,262144
512,0,0.7853981633974483,lorentz,kahan,3,0.3534745047862411,0.353474504774854,1.138705796321915e-11,3.2214651437087794e-11,262144
512,0,0.7853981633974483,lorentz,sequential,4,0.3534745047384734,0.353474504774854,3.63806207381856e-11,1.0292289895521112e-10,262144
512,0,0.7853981633974483,lorentz,kahan,4,0.3534745047385617,0.353474504774854,3.629230249657667e-11,1.0267304149614152e-10,262144
512,0,0.7853981633974483,lorentz,sequential,5,0.3534745047925174,0.353474504774854,1.7663370766030084e-11,4.997070659249042e-11,262144
512,0,0.7853981633974483,lorentz,kahan,5,0.3534745047926045,0.353474504774854,1.7750467762311928e-11,5.021710907726742e-11,262144
512,0,0.7853981633974483,lorentz,sequential,6,0.3534745047831279,0.353474504774854,8.273881579867748e-12,2.3407293788098818e-11,262144
512,0,0.7853981633974483,lorentz,kahan,6,0.353474504782951,0.353474504774854,8.096967540893729e-12,2.290679364852948e-11,262144
512,0,0.7853981633974483,lorentz,sequential,7,0.3534745047482149,0.353474504774854,2.6639135342065856e-11,7.536366833311976e-11,262144
512,0,0.7853981633974483,lorentz,kahan,7,0.3534745047483609,0.353474504774854,2.6493141014327648e-11,7.495064186086767e-11,262144
512,0,0.7853981633974483,lorentz,sequential,8,0.353474504777385,0.353474504774854,2.5309754292379694e-12,7.160277177133545e-12,262144
512,0,0.7853981633974483,lorentz,kahan,8,0.3534745047776204,0.353474504774854,2.7663427104585026e-12,7.826144949889746e-12,262144
512,0,0.7853981633974483,lorentz,sequential,9,0.3534745048004361,0.353474504774854,2.558203648916901e-11,7.237307399429987e-11,262144
512,0,0.7853981633974483,lorentz,kahan,9,0.3534745048005764,0.353474504774854,2.5722424190632864e-11,7.277023899366318e-11,262144
768,0,0.7853981633974483,clean,sequential,0,-7.364975155709534e-11,-1.5569309896326348e-10,8.204334740616813e-11,0.5269555808991035,589824
768,0,0.7853981633974483,clean,kahan,0,-8.43363143029272e-11,-1.5569309896326348e-10,7.135678466033627e-11,0.4583169397711921,589824
768,0,0.7853981633974483,clean,sequential,1,-1.5669630485226055e-10,-1.5569309896326348e-10,1.0032058889970654e-12,0.0064434833379081,589824
768,0,0.7853981633974483,clean,kahan,1,-1.5817423374264122e-10,-1.5569309896326348e-10,2.4811347793777378e-12,0.0159360613662341,589824
768,0,0.7853981633974483,clean,sequential,2,-8.294278312929563e-11,-1.5569309896326348e-10,7.275031583396785e-11,0.4672674403579932,589824
768,0,0.7853981633974483,clean,kahan,2,-8.430702518195497e-11,-1.5569309896326348e-10,7.13860737813085e-11,0.4585050606395366,589824
768,0,0.7853981633974483,clean,sequential,3,-9.718692245683564e-11,-1.5569309896326348e-10,5.850617650642783e-11,0.3757788681451618,589824
768,0,0.7853981633974483,clean,kahan,3,-1.212885320538182e-10,-1.5569309896326348e-10,3.440456690944527e-11,0.2209768264524247,589824
768,0,0.7853981633974483,clean,sequential,4,-1.4089943013742354e-10,-1.5569309896326348e-10,1.479366882583994e-11,0.0950181409731626,589824
768,0,0.7853981633974483,clean,kahan,4,-1.6022619255009832e-10,-1.5569309896326348e-10,4.533093586834837e-12,0.029115571704976,589824
768,0,0.7853981633974483,clean,sequential,5,-2.0883433182553666e-10,-1.5569309896326348e-10,5.31412328622732e-11,0.3413204131469701,589824
768,0,0.7853981633974483,clean,kahan,5,-2.06333221395661e-10,-1.5569309896326348e-10,5.0640122432397516e-11,0.3252560503297985,589824
768,0,0.7853981633974483,clean,sequential,6,-1.0842480874264614e-10,-1.5569309896326348e-10,4.726829022061735e-11,0.3035991353205097,589824
768,0,0.7853981633974483,clean,kahan,6,-1.2115773456746701e-10,-1.5569309896326348e-10,3.453536439579649e-11,0.2218169246149135,589824
768,0,0.7853981633974483,clean,sequential,7,-1.3063597831314904e-10,-1.5569309896326348e-10,2.5057120650114437e-11,0.1609391862386064,589824
768,0,0.7853981633974483,clean,kahan,7,-1.3586557284834314e-10,-1.5569309896326348e-10,1.9827526114920336e-11,0.1273500639845234,589824
768,0,0.7853981633974483,clean,sequential,8,-1.8228476949371252e-10,-1.5569309896326348e-10,2.6591670530449058e-11,0.1707954347849643,589824
768,0,0.7853981633974483,clean,kahan,8,-1.9194815070004988e-10,-1.5569309896326348e-10,3.62550517367864e-11,0.2328622911240333,589824
768,0,0.7853981633974483,clean,sequential,9,-1.6960146971935726e-10,-1.5569309896326348e-10,1.390837075609378e-11,0.0893319668547128,589824
768,0,0.7853981633974483,clean,kahan,9,-1.8597237435127002e-10,-1.5569309896326348e-10,3.0279275388006514e-11,0.194480523476195,589824
768,0,0.7853981633974483,jackson,sequential,0,0.3535295718198779,0.3535295717459925,7.38853977999554e-11,2.0899354312866738e-10,589824
768,0,0.7853981633974483,jackson,kahan,0,0.3535295718207654,0.3535295717459925,7.477296559699198e-11,2.115041330989862e-10,589824
768,0,0.7853981633974483,jackson,sequential,1,0.3535295717405744,0.3535295717459925,5.418054893624458e-12,1.532560590862616e-11,589824
768,0,0.7853981633974483,jackson,kahan,1,0.353529571740701,0.3535295717459925,5.29148946881719e-12,1.4967600709281182e-11,589824
768,0,0.7853981633974483,jackson,sequential,2,0.3535295718109693,0.3535295717459925,6.497685722806068e-11,1.8379468768950934e-10,589824
768,0,0.7853981633974483,jackson,kahan,2,0.3535295718102608,0.3535295717459925,6.426836840489614e-11,1.8179064367229886e-10,589824
768,0,0.7853981633974483,jackson,sequential,3,0.3535295717764549,0.3535295717459925,3.046246588311874e-11,8.616666982813454e-11,589824
768,0,0.7853981633974483,jackson,kahan,3,0.3535295717749747,0.3535295717459925,2.898226103553725e-11,8.197973621386535e-11,589824
768,0,0.7853981633974483,jackson,sequential,4,0.3535295717433412,0.3535295717459925,2.651268093956105e-12,7.499423827155866e-12,589824
768,0,0.7853981633974483,jackson,kahan,4,0.3535295717435894,0.3535295717459925,2.40302222564992e-12,6.797231173002037e-12,589824
768,0,0.7853981633974483,jackson,sequential,5,0.3535295716975207,0.3535295717459925,4.8471782143622016e-11,1.371081403579119e-10,589824
768,0,0.7853981633974483,jackson,kahan,5,0.3535295716972549,0.3535295717459925,4.873756953571728e-11,1.3785995127653636e-10,589824
768,0,0.7853981633974483,jackson,sequential,6,0.3535295717738271,0.3535295717459925,2.7834679006133456e-11,7.873366538664663e-11,589824
768,0,0.7853981633974483,jackson,kahan,6,0.3535295717742693,0.3535295717459925,2.8276880836841656e-11,7.998448530681422e-11,589824
768,0,0.7853981633974483,jackson,sequential,7,0.3535295717754213,0.3535295717459925,2.942884824719272e-11,8.324296070015058e-11,589824
768,0,0.7853981633974483,jackson,kahan,7,0.3535295717737997,0.3535295717459925,2.7807200986273983e-11,7.865594057363095e-11,589824
768,0,0.7853981633974483,jackson,sequential,8,0.3535295717044732,0.3535295717459925,4.1519288007663135e-11,1.1744219246670074e-10,589824
768,0,0.7853981633974483,jackson,kahan,8,0.3535295717048175,0.3535295717459925,4.1174952336575637e-11,1.164681984967284e-10,589824
768,0,0.7853981633974483,jackson,sequential,9,0.3535295717251612,0.3535295717459925,2.0831281144495503e-11,5.892373031657609e-11,589824
768,0,0.7853981633974483,jackson,kahan,9,0.3535295717249049,0.3535295717459925,2.1087576129730223e-11,5.964869084524969e-11,589824
768,0,0.7853981633974483,lorentz,sequential,0,0.3535181297005313,0.3535181296264547,7.407663371594708e-11,2.0954125830610227e-10,589824
768,0,0.7853981633974483,lorentz,kahan,0,0.3535181297000574,0.3535181296264547,7.360279052903707e-11,2.0820089370468647e-10,589824
768,0,0.7853981633974483,lorentz,sequential,1,0.3535181296193018,0.3535181296264547,7.152833880752496e-12,2.0233287295083127e-11,589824
768,0,0.7853981633974483,lorentz,kahan,1,0.353518129619658,0.3535181296264547,6.7966188233015146e-12,1.922565847042461e-11,589824
768,0,0.7853981633974483,lorentz,sequential,2,0.3535181296897421,0.3535181296264547,6.328748636263981e-11,1.7902189748942322e-10,589824
768,0,0.7853981633974483,lorentz,kahan,2,0.3535181296893286,0.3535181296264547,6.287392828596694e-11,1.7785206193640687e-10,589824
768,0,0.7853981633974483,lorentz,sequential,3,0.353518129655116,0.3535181296264547,2.866129555911812e-11,8.107447159613313e-11,589824
768,0,0.7853981633974483,lorentz,kahan,3,0.3535181296551555,0.3535181296264547,2.870081949879477e-11,8.11862733295221e-11,589824
768,0,0.7853981633974483,lorentz,sequential,4,0.3535181296221767,0.3535181296264547,4.277966869636885e-12,1.2101124415195348e-11,589824
768,0,0.7853981633974483,lorentz,kahan,4,0.3535181296215567,0.3535181296264547,4.897915406587572e-12,1.3854778570374762e-11,589824
768,0,0.7853981633974483,lorentz,sequential,5,0.3535181295745183,0.3535181296264547,5.1936399625418517e-11,1.469129735448e-10,589824
768,0,0.7853981633974483,lorentz,kahan,5,0.3535181295746062,0.3535181296264547,5.1848414450716967e-11,1.4666408906808442e-10,589824
768,0,0.7853981633974483,lorentz,sequential,6,0.3535181296555501,0.3535181296264547,2.9095448272897784e-11,8.230256338944064e-11,589824
768,0,0.7853981633974483,lorentz,kahan,6,0.3535181296550837,0.3535181296264547,2.8629043580252755e-11,8.098324012548852e-11,589824
768,0,0.7853981633974483,lorentz,sequential,7,0.3535181296552827,0.3535181296264547,2.882805105741681e-11,8.154617441509436e-11,589824
768,0,0.7853981633974483,lorentz,kahan,7,0.3535181296553257,0.3535181296264547,2.887107219962104e-11,8.166786871758935e-11,589824
768,0,0.7853981633974483,lorentz,sequential,8,0.353518129584423,0.3535181296264547,4.2031655933527645e-11,1.1889533353760509e-10,589824
768,0,0.7853981633974483,lorentz,kahan,8,0.3535181295843536,0.3535181296264547,4.210110038371795e-11,1.1909177169556798e-10,589824
768,0,0.7853981633974483,lorentz,sequential,9,0.3535181296052167,0.3535181296264547,2.1237955838415698e-11,6.007600193194282e-11,589824
768,0,0.7853981633974483,lorentz,kahan,9,0.3535181296051667,0.3535181296264547,2.1287915874523836e-11,6.021732434774344e-11,589824
1024,0,0.7853981633974483,clean,sequential,0,-2.5064245023538363e-10,-3.1756719941032316e-10,6.692474917493958e-11,0.2107420076733656,1048576
1024,0,0.7853981633974483,clean,kahan,0,-2.4177487689309743e-10,-3.1756719941032316e-10,7.579232251722579e-11,0.2386654624846686,1048576
1024,0,0.7853981633974483,clean,sequential,1,-3.170126988002415e-10,-3.1756719941032316e-10,5.545006100817363e-13,0.0017460890517388,1048576
1024,0,0.7853981633974483,clean,kahan,1,-3.28608756247846e-10,-3.1756719941032316e-10,1.1041556837522789e-11,0.0347691980091942,1048576
1024,0,0.7853981633974483,clean,sequential,2,-3.4765400389771797e-10,-3.1756719941032316e-10,3.008680448739476e-11,0.0947415367306876,1048576
1024,0,0.7853981633974483,clean,kahan,2,-3.547025878364576e-10,-3.1756719941032316e-10,3.713538842613444e-11,0.1169371033755675,1048576
1024,0,0.7853981633974483,clean,sequential,3,-3.5100278240580725e-10,-3.1756719941032316e-10,3.343558299548409e-11,0.1052866387258167,1048576
1024,0,0.7853981633974483,clean,kahan,3,-3.663505054982264e-10,-3.1756719941032316e-10,4.8783306087903134e-11,0.1536156951299968,1048576
1024,0,0.7853981633974483,clean,sequential,4,-2.839015579389442e-10,-3.1756719941032316e-10,3.3665641471378956e-11,0.1060110790216723,1048576
1024,0,0.7853981633974483,clean,kahan,4,-3.0015877573313545e-10,-3.1756719941032316e-10,1.7408423677187715e-11,0.0548180785342839,1048576
1024,0,0.7853981633974483,clean,sequential,5,-3.711288657753739e-10,-3.1756719941032316e-10,5.3561666365050656e-11,0.168662464084789,1048576
1024,0,0.7853981633974483,clean,kahan,5,-3.8863663878450254e-10,-3.1756719941032316e-10,7.106943937417943e-11,0.223793387686591,1048576
1024,0,0.7853981633974483,clean,sequential,6,-2.616632673992753e-10,-3.1756719941032316e-10,5.5903932011047925e-11,0.1760381176483387,1048576
1024,0,0.7853981633974483,clean,kahan,6,-2.637096304782645e-10,-3.1756719941032316e-10,5.385756893205874e-11,0.1695942434611147,1048576
1024,0,0.7853981633974483,clean,sequential,7,-3.7478479769724814e-10,-3.1756719941032316e-10,5.7217598286924915e-11,0.180174773695677,1048576
1024,0,0.7853981633974483,clean,kahan,7,-3.9467999429853006e-10,-3.1756719941032316e-10,7.711279488820685e-11,0.2428235505159042,1048576
1024,0,0.7853981633974483,clean,sequential,8,-3.4821555510060627e-10,-3.1756719941032316e-10,3.0648355690283106e-11,0.0965098276748754,1048576
1024,0,0.7853981633974483,clean,kahan,8,-3.5617363374111965e-10,-3.1756719941032316e-10,3.8606434330796486e-11,0.1215693384029682,1048576
1024,0,0.7853981633974483,clean,sequential,9,-2.0040431113292003e-10,-3.1756719941032316e-10,1.1716288827740319e-10,0.3689388844155123,1048576
1024,0,0.7853981633974483,clean,kahan,9,-2.1722996311571936e-10,-3.1756719941032316e-10,1.0033723629460383e-10,0.3159559188761172,1048576
1024,0,0.7853981633974483,jackson,sequential,0,0.3535400143473283,0.3535400142900946,5.723366225396376e-11,1.6188736759794636e-10,1048576
1024,0,0.7853981633974483,jackson,kahan,0,0.3535400143483683,0.3535400142900946,5.827371918343259e-11,1.648292041296817e-10,1048576
1024,0,0.7853981633974483,jackson,sequential,1,0.353540014293894,0.3535400142900946,3.799405234872211e-12,1.0746747415568742e-11,1048576
1024,0,0.7853981633974483,jackson,kahan,1,0.3535400142933714,0.3535400142900946,3.2768232571811495e-12,9.268606451128264e-12,1048576
1024,0,0.7853981633974483,jackson,sequential,2,0.3535400142480926,0.3535400142900946,4.2002012978770153e-11,1.1880412762642962e-10,1048576
1024,0,0.7853981633974483,jackson,kahan,2,0.3535400142492059,0.3535400142900946,4.088873684082728e-11,1.1565518806387876e-10,1048576
1024,0,0.7853981633974483,jackson,sequential,3,0.3535400142523037,0.3535400142900946,3.7790937046366935e-11,1.0689295558877775e-10,1048576
1024,0,0.7853981633974483,jackson,kahan,3,0.3535400142514866,0.3535400142900946,3.860800568133982e-11,1.0920406211688476e-10,1048576
1024,0,0.7853981633974483,jackson,sequential,4,0.3535400142888991,0.3535400142900946,1.1954881529163686e-12,3.3814790535574838e-12,1048576
1024,0,0.7853981633974483,jackson,kahan,4,0.3535400142886233,0.3535400142900946,1.4712675522332574e-12,4.161530499418998e-12,1048576
1024,0,0.7853981633974483,jackson,sequential,5,0.3535400142286369,0.3535400142900946,6.145772779575509e-11,1.7383528118920764e-10,1048576
1024,0,0.7853981633974483,jackson,kahan,5,0.3535400142300365,0.3535400142900946,6.005806962861016e-11,1.6987630028019954e-10,1048576
1024,0,0.7853981633974483,jackson,sequential,6,0.3535400143442176,0.3535400142900946,5.4122983872417756e-11,1.5308870759960867e-10,1048576
1024,0,0.7853981633974483,jackson,kahan,6,0.3535400143459496,0.3535400142900946,5.585504281313547e-11,1.5798789544457062e-10,1048576
1024,0,0.7853981633974483,jackson,sequential,7,0.3535400142114832,0.3535400142900946,7.861139517117977e-11,2.2235501497342751e-10,1048576
1024,0,0.7853981633974483,jackson,kahan,7,0.3535400142117457,0.3535400142900946,7.834893844815838e-11,2.2161264717229359e-10,1048576
1024,0,0.7853981633974483,jackson,sequential,8,0.3535400142646064,0.3535400142900946,2.5488222643588188e-11,7.209430789543956e-11,1048576
1024,0,0.7853981633974483,jackson,kahan,8,0.3535400142642268,0.3535400142900946,2.586780789570753e-11,7.316797773980371e-11,1048576
1024,0,0.7853981633974483,jackson,sequential,9,0.3535400143851089,0.3535400142900946,9.501427422620168e-11,2.6875111836206017e-10,1048576
1024,0,0.7853981633974483,jackson,kahan,9,0.353540014385353,0.3535400142900946,9.525841226931675e-11,2.6944167115169365e-10,1048576
1024,0,0.7853981633974483,lorentz,sequential,0,0.353533500605624,0.3535335005466023,5.902167643512257e-11,1.6694790265666042e-10,1048576
1024,0,0.7853981633974483,lorentz,kahan,0,0.3535335006049548,0.3535335005466023,5.835254501818099e-11,1.650552067285319e-10,1048576
1024,0,0.7853981633974483,lorentz,sequential,1,0.3535335005505155,0.3535335005466023,3.913203094896289e-12,1.106883248361482e-11,1048576
1024,0,0.7853981633974483,lorentz,kahan,1,0.3535335005511285,0.3535335005466023,4.526157226791838e-12,1.2802626115471077e-11,1048576
1024,0,0.7853981633974483,lorentz,sequential,2,0.3535335005036275,0.3535335005466023,4.297484590409795e-11,1.2155805839518468e-10,1048576
1024,0,0.7853981633974483,lorentz,kahan,2,0.3535335005034581,0.3535335005466023,4.314421042650452e-11,1.2203712055519134e-10,1048576
1024,0,0.7853981633974483,lorentz,sequential,3,0.3535335005071431,0.3535335005466023,3.9459213674319926e-11,1.1161378939566283e-10,1048576
1024,0,0.7853981633974483,lorentz,kahan,3,0.3535335005073696,0.3535335005466023,3.92327281772964e-11,1.1097315563203547e-10,1048576
1024,0,0.7853981633974483,lorentz,sequential,4,0.3535335005459918,0.3535335005466023,6.105116412413736e-13,1.7268848363661557e-12,1048576
1024,0,0.7853981633974483,lorentz,kahan,4,0.3535335005462088,0.3535335005466023,3.9351855107838674e-13,1.1131011643025712e-12,1048576
1024,0,0.7853981633974483,lorentz,sequential,5,0.353533500485796,0.3535335005466023,6.080630443605628e-11,1.7199587688873314e-10,1048576
1024,0,0.7853981633974483,lorentz,kahan,5,0.353533500485863,0.3535335005466023,6.073930247652015e-11,1.7180635606699335e-10,1048576
1024,0,0.7853981633974483,lorentz,sequential,6,0.3535335006024601,0.3535335005466023,5.5857762859545794e-11,1.5799850020771287e-10,1048576
1024,0,0.7853981633974483,lorentz,kahan,6,0.3535335006028157,0.3535335005466023,5.621342280548447e-11,1.590045150419189e-10,1048576
1024,0,0.7853981633974483,lorentz,sequential,7,0.3535335004717022,0.3535335005466023,7.490014164446279e-11,2.118615110835573e-10,1048576
1024,0,0.7853981633974483,lorentz,kahan,7,0.3535335004726753,0.3535335005466023,7.392703116337884e-11,2.0910898415307003e-10,1048576
1024,0,0.7853981633974483,lorentz,sequential,8,0.3535335005230094,0.3535335005466023,2.3592905407099348e-11,6.673456792813717e-11,1048576
1024,0,0.7853981633974483,lorentz,kahan,8,0.3535335005237962,0.3535335005466023,2.2806090349547503e-11,6.45089936718493e-11,1048576
1024,0,0.7853981633974483,lorentz,sequential,9,0.3535335006407977,0.3535335005466023,9.419537372323815e-11,2.6643973931070625e-10,1048576
1024,0,0.7853981633974483,lorentz,kahan,9,0.35353350064017,0.3535335005466023,9.356770913626632e-11,2.646643358878301e-10,1048576
2048,0,0.7853981633974483,clean,sequential,0,-7.475379780547637e-10,-9.202614660660525e-10,1.727234880112888e-10,0.1876895799512824,4194304
2048,0,0.7853981633974483,clean,kahan,0,-8.28483006512554e-10,-9.202614660660525e-10,9.17784595534986e-11,0.0997308514349019,4194304
2048,0,0.7853981633974483,clean,sequential,1,-1.0838644386095199e-09,-9.202614660660525e-10,1.636029725434673e-10,0.1777787928498622,4194304
2048,0,0.7853981633974483,clean,kahan,1,-1.120244226680435e-09,-9.202614660660525e-10,1.9998276061438238e-10,0.2173108056662109,4194304
2048,0,0.7853981633974483,clean,sequential,2,-8.787320322723071e-10,-9.202614660660525e-10,4.152943379374539e-11,0.0451278634661038,4194304
2048,0,0.7853981633974483,clean,kahan,2,-9.42624035071855e-10,-9.202614660660525e-10,2.2362569005802405e-11,0.024300234042612,4194304
2048,0,0.7853981633974483,clean,sequential,3,-7.860021669506258e-10,-9.202614660660525e-10,1.342592991154267e-10,0.1458925577850829,4194304
2048,0,0.7853981633974483,clean,kahan,3,-8.564880063380261e-10,-9.202614660660525e-10,6.37734597280265e-11,0.0692992829534048,4194304
2048,0,0.7853981633974483,clean,sequential,4,-4.56238577265322e-10,-9.202614660660525e-10,4.6402288880073056e-10,0.5042294020897589,4194304
2048,0,0.7853981633974483,clean,kahan,4,-5.528723893286951e-10,-9.202614660660525e-10,3.6738907673735735e-10,0.3992224930463269,4194304
2048,0,0.7853981633974483,clean,sequential,5,-8.231013541392003e-10,-9.202614660660525e-10,9.716011192685218e-11,0.1055788115764465,4194304
2048,0,0.7853981633974483,clean,kahan,5,-8.578895264820132e-10,-9.202614660660525e-10,6.237193958403943e-11,0.0677763243208127,4194304
2048,0,0.7853981633974483,clean,sequential,6,-2.81694795577875e-10,-9.202614660660525e-10,6.385666704881775e-10,0.6938969999666855,4194304
2048,0,0.7853981633974483,clean,kahan,6,-2.2803460817327158e-10,-9.202614660660525e-10,6.92226857892781e-10,0.7522067188708039,4194304
2048,0,0.7853981633974483,clean,sequential,7,-8.625084615558955e-10,-9.202614660660525e-10,5.775300451015696e-11,0.0627571691739309,4194304
2048,0,0.7853981633974483,clean,kahan,7,-8.65691693012102e-10,-9.202614660660525e-10,5.4569773053950565e-11,0.0592981180524989,4194304
2048,0,0.7853981633974483,clean,sequential,8,-6.883410596347016e-10,-9.202614660660525e-10,2.3192040643135086e-10,0.2520157748457812,4194304
2048,0,0.7853981633974483,clean,kahan,8,-7.406370049866454e-10,-9.202614660660525e-10,1.7962446107940707e-10,0.1951885064222762,4194304
2048,0,0.7853981633974483,clean,sequential,9,-4.980977235027098e-10,-9.202614660660525e-10,4.2216374256334274e-10,0.4587432573570799,4194304
2048,0,0.7853981633974483,clean,kahan,9,-6.402062706547295e-10,-9.202614660660525e-10,2.8005519541132296e-10,0.3043213322932091,4194304
2048,0,0.7853981633974483,jackson,sequential,0,0.3535500547785267,0.3535500546559948,1.225318735365022e-10,3.4657574485662584e-10,4194304
2048,0,0.7853981633974483,jackson,kahan,0,0.3535500547783565,0.3535500546559948,1.2236173185797838e-10,3.4609450697734067e-10,4194304
2048,0,0.7853981633974483,jackson,sequential,1,0.3535500544233916,0.3535500546559948,2.326032144672752e-10,6.579074487588433e-10,4194304
2048,0,0.7853981633974483,jackson,kahan,1,0.3535500544177438,0.3535500546559948,2.382510300158458e-10,6.738820341794735e-10,4194304
2048,0,0.7853981633974483,jackson,sequential,2,0.3535500546212347,0.3535500546559948,3.476008370029149e-11,9.831729126477762e-11,4194304
2048,0,0.7853981633974483,jackson,kahan,2,0.3535500546281765,0.3535500546559948,2.7818247705369004e-11,7.868262877921552e-11,4194304
2048,0,0.7853981633974483,jackson,sequential,3,0.3535500547337096,0.3535500546559948,7.771477905649249e-11,2.1981266310963856e-10,4194304
2048,0,0.7853981633974483,jackson,kahan,3,0.3535500547368201,0.3535500546559948,8.082534641573602e-11,2.2861075921591728e-10,4194304
2048,0,0.7853981633974483,jackson,sequential,4,0.3535500549010565,0.3535500546559948,2.4506174867156005e-10,6.931458373270675e-10,4194304
2048,0,0.7853981633974483,jackson,kahan,4,0.3535500548920704,0.3535500546559948,2.3607560351024404e-10,6.677289407858988e-10,4194304
2048,0,0.7853981633974483,jackson,sequential,5,0.3535500546848791,0.3535500546559948,2.888428385361408e-11,8.169786278697812e-11,4194304
2048,0,0.7853981633974483,jackson,kahan,5,0.3535500546830652,0.3535500546559948,2.7070401475981495e-11,7.65673802605435e-11,4194304
2048,0,0.7853981633974483,jackson,sequential,6,0.3535500553223854,0.3535500546559948,6.663906093606896e-10,1.88485505965793e-09,4194304
2048,0,0.7853981633974483,jackson,kahan,6,0.3535500553216924,0.3535500546559948,6.656976081487186e-10,1.882894937737866e-09,4194304
2048,0,0.7853981633974483,jackson,sequential,7,0.3535500546419035,0.3535500546559948,1.4091339206601106e-11,3.985670210208854e-11,4194304
2048,0,0.7853981633974483,jackson,kahan,7,0.3535500546512461,0.3535500546559948,4.748701432077951e-12,1.3431482669967198e-11,4194304
2048,0,0.7853981633974483,jackson,sequential,8,0.3535500548223461,0.3535500546559948,1.663512660954325e-10,4.705168728012013e-10,4194304
2048,0,0.7853981633974483,jackson,kahan,8,0.3535500548258899,0.3535500546559948,1.6989515350118722e-10,4.805405946450656e-10,4194304
2048,0,0.7853981633974483,jackson,sequential,9,0.353550054981969,0.3535500546559948,3.2597419208357787e-10,9.220029463741751e-10,4194304
2048,0,0.7853981633974483,jackson,kahan,9,0.3535500549913872,0.3535500546559948,3.3539238053492676e-10,9.48641857406201e-10,4194304
2048,0,0.7853981633974483,lorentz,sequential,0,0.353548397504009,0.3535483973750489,1.2896017587138428e-10,3.6475961092982014e-10,4194304
2048,0,0.7853981633974483,lorentz,kahan,0,0.3535483974990278,0.3535483973750489,1.2397893822679862e-10,3.5067034427900433e-10,4194304
2048,0,0.7853981633974483,lorentz,sequential,1,0.3535483971461273,0.3535483973750489,2.2892160389531566e-10,6.474972184712593e-10,4194304
2048,0,0.7853981633974483,lorentz,kahan,1,0.3535483971447283,0.3535483973750489,2.3032059592864582e-10,6.514542213702036e-10,4194304
2048,0,0.7853981633974483,lorentz,sequential,2,0.3535483973464812,0.3535483973750489,2.8567648246990984e-11,8.08026523641289e-11,4194304
2048,0,0.7853981633974483,lorentz,kahan,2,0.3535483973484378,0.3535483973750489,2.661104669954284e-11,7.526846931599433e-11,4194304
2048,0,0.7853981633974483,lorentz,sequential,3,0.353548397463079,0.3535483973750489,8.803013873404096e-11,2.489903486697393e-10,4194304
2048,0,0.7853981633974483,lorentz,kahan,3,0.3535483974615795,0.3535483973750489,8.653067151698224e-11,2.447491550221605e-10,4194304
2048,0,0.7853981633974483,lorentz,sequential,4,0.3535483976160636,0.3535483973750489,2.410147081910452e-10,6.81702165758578e-10,4194304
2048,0,0.7853981633974483,lorentz,kahan,4,0.3535483976188541,0.3535483973750489,2.4380525376344053e-10,6.895951320203796e-10,4194304
2048,0,0.7853981633974483,lorentz,sequential,5,0.3535483974091031,0.3535483973750489,3.4054203901234814e-11,9.632119436567451e-11,4194304
2048,0,0.7853981633974483,lorentz,kahan,5,0.3535483974095367,0.3535483973750489,3.448780150350217e-11,9.754761090577663e-11,4194304
2048,0,0.7853981633974483,lorentz,sequential,6,0.3535483980448324,0.3535483973750489,6.697835619462467e-10,1.894460749699655e-09,4194304
2048,0,0.7853981633974483,lorentz,kahan,6,0.3535483980436098,0.3535483973750489,6.685609288403781e-10,1.891002572219723e-09,4194304
2048,0,0.7853981633974483,lorentz,sequential,7,0.3535483973699608,0.3535483973750489,5.088096610705861e-12,1.4391513717733923e-11,4194304
2048,0,0.7853981633974483,lorentz,kahan,7,0.3535483973710385,0.3535483973750489,4.010403120702222e-12,1.1343293168567052e-11,4194304
2048,0,0.7853981633974483,lorentz,sequential,8,0.3535483975505918,0.3535483973750489,1.7554291353860663e-10,4.965173505012054e-10,4194304
2048,0,0.7853981633974483,lorentz,kahan,8,0.3535483975514362,0.3535483973750489,1.763872936599853e-10,4.989056518699793e-10,4194304
2048,0,0.7853981633974483,lorentz,sequential,9,0.3535483977215171,0.3535483973750489,3.4646818747319225e-10,9.799738594364327e-10,4194304
2048,0,0.7853981633974483,lorentz,kahan,9,0.353548397722116,0.3535483973750489,3.4706715279497757e-10,9.816680131258072e-10,4194304
3072,0,0.7853981633974483,clean,sequential,0,-9.215606973491062e-09,-8.296691955413136e-09,9.189150180779256e-10,0.11075679596352664,9437184
3072,0,0.7853981633974483,clean,kahan,0,-9.272905139702776e-09,-8.296691955413136e-09,9.7621318428964e-10,0.11766294199373215,9437184
3072,0,0.7853981633974483,clean,sequential,1,-9.454290236071066e-09,-8.296691955413136e-09,1.1575982806579304e-09,0.1395252815072471,9437184
3072,0,0.7853981633974483,clean,kahan,1,-9.400175301315604e-09,-8.296691955413136e-09,1.1034833459024676e-09,0.13300281025650293,9437184
3072,0,0.7853981633974483,clean,sequential,2,-8.537368213957259e-09,-8.296691955413136e-09,2.4067625854412276e-10,0.029008701279682286,9437184
3072,0,0.7853981633974483,clean,kahan,2,-8.617403747713267e-09,-8.296691955413136e-09,3.207117923001305e-10,0.03865538144885368,9437184
3072,0,0.7853981633974483,clean,sequential,3,-7.957504253478181e-09,-8.296691955413136e-09,3.39187701934955e-10,0.040882282210520496,9437184
3072,0,0.7853981633974483,clean,kahan,3,-7.97842263161896e-09,-8.296691955413136e-09,3.18269323794176e-10,0.038360990802668374,9437184
3072,0,0.7853981633974483,clean,sequential,4,-7.728940315317261e-09,-8.296691955413136e-09,5.677516400958753e-10,0.06843108592521005,9437184
3072,0,0.7853981633974483,clean,kahan,4,-8.005881452007104e-09,-8.296691955413136e-09,2.908105034060319e-10,0.0350513801125633,9437184
3072,0,0.7853981633974483,clean,sequential,5,-7.899887683202415e-09,-8.296691955413136e-09,3.9680427221072075e-10,0.047826805471767306,9437184
3072,0,0.7853981633974483,clean,kahan,5,-8.149089231488211e-09,-8.296691955413136e-09,1.4760272392492517e-10,0.017790551308660134,9437184
3072,0,0.7853981633974483,clean,sequential,6,-7.334359289101292e-09,-8.296691955413136e-09,9.623326663118445e-10,0.1159899236326323,9437184
3072,0,0.7853981633974483,clean,kahan,6,-7.528991155280695e-09,-8.296691955413136e-09,7.677008001324411e-10,0.0925309514030539,9437184
3072,0,0.7853981633974483,clean,sequential,7,-8.333447623838715e-09,-8.296691955413136e-09,3.675566842557847e-11,0.0044301594687503635,9437184
3072,0,0.7853981633974483,clean,kahan,7,-8.56354978338728e-09,-8.296691955413136e-09,2.668578279741442e-10,0.03216436495512336,9437184
3072,0,0.7853981633974483,clean,sequential,8,-8.717093489659286e-09,-8.296691955413136e-09,4.204015342461496e-10,0.050670982664586056,9437184
3072,0,0.7853981633974483,clean,kahan,8,-8.657521586693175e-09,-8.296691955413136e-09,3.6082963128003934e-10,0.043490783220487994,9437184
3072,0,0.7853981633974483,clean,sequential,9,-8.103163594945274e-09,-8.296691955413136e-09,1.9352836046786244e-10,0.023325966723592263,9437184
3072,0,0.7853981633974483,clean,kahan,9,-8.043591691979187e-09,-8.296691955413136e-09,2.5310026343394953e-10,0.030506166167687532,9437184
3072,0,0.7853981633974483,jackson,sequential,0,0.3535519082895374,0.353551909163996,8.744585611175637e-10,2.4733526773629832e-09,9437184
3072,0,0.7853981633974483,jackson,kahan,0,0.35355190829267025,0.353551909163996,8.713257337866764e-10,2.4644916664345027e-09,9437184
3072,0,0.7853981633974483,jackson,sequential,1,0.3535519079079075,0.353551909163996,1.2560884554702056e-09,3.55276954504456e-09,9437184
3072,0,0.7853981633974483,jackson,kahan,1,0.35355190790526136,0.353551909163996,1.2587346165382485e-09,3.5602540501467952e-09,9437184
3072,0,0.7853981633974483,jackson,sequential,2,0.35355190888175647,0.353551909163996,2.822395095414265e-10,7.982972294190299e-10,9437184
3072,0,0.7853981633974483,jackson,kahan,2,0.3535519088797162,0.353551909163996,2.8427976639378016e-10,8.040679714217474e-10,9437184
3072,0,0.7853981633974483,jackson,sequential,3,0.35355190945696413,0.353551909163996,2.929681497398917e-10,8.286425335183176e-10,9437184
3072,0,0.7853981633974483,jackson,kahan,3,0.35355190944606535,0.353551909163996,2.820693678629027e-10,7.978159940640119e-10,9437184
3072,0,0.7853981633974483,jackson,sequential,4,0.353551909487438,0.353551909163996,3.2344199540901286e-10,9.148359463644798e-10,9437184
3072,0,0.7853981633974483,jackson,kahan,4,0.35355190947159887,0.353551909163996,3.076028876058956e-10,8.700359965054331e-10,9437184
3072,0,0.7853981633974483,jackson,sequential,5,0.3535519093735886,0.353551909163996,2.095926210365917e-10,5.928199384701147e-10,9437184
3072,0,0.7853981633974483,jackson,kahan,5,0.35355190937041653,0.353551909163996,2.0642054732178394e-10,5.838479215396775e-10,9437184
3072,0,0.7853981633974483,jackson,sequential,6,0.3535519097676233,0.353551909163996,6.036273147991267e-10,1.7073230242949489e-09,9437184
3072,0,0.7853981633974483,jackson,kahan,6,0.3535519097662834,0.353551909163996,6.022874421418578e-10,1.7035332762479447e-09,9437184
3072,0,0.7853981633974483,jackson,sequential,7,0.3535519087251215,0.353551909163996,4.3887449230339826e-10,1.2413297197041161e-09,9437184
3072,0,0.7853981633974483,jackson,kahan,7,0.35355190869795744,0.353551909163996,4.660385410915069e-10,1.3181615740486178e-09,9437184
3072,0,0.7853981633974483,jackson,sequential,8,0.35355190893540284,0.353551909163996,2.2859314441348033e-10,6.465617593580772e-10,9437184
3072,0,0.7853981633974483,jackson,kahan,8,0.3535519089291592,0.353551909163996,2.3483676114821606e-10,6.64221448283246e-10,9437184
3072,0,0.7853981633974483,jackson,sequential,9,0.3535519093178725,0.353551909163996,1.5387652263498808e-10,4.352303541475491e-10,9437184
3072,0,0.7853981633974483,jackson,kahan,9,0.35355190932591557,0.353551909163996,1.6191958884803626e-10,4.579796761129338e-10,9437184
3072,0,0.7853981633974483,lorentz,sequential,0,0.3535511673969642,0.35355116829313177,8.961675845853279e-10,2.5347606370863663e-09,9437184
3072,0,0.7853981633974483,lorentz,kahan,0,0.35355116739966896,0.35355116829313177,8.934628037415848e-10,2.527110313494449e-09,9437184
3072,0,0.7853981633974483,lorentz,sequential,1,0.3535511670244673,0.35355116829313177,1.2686644512704959e-09,3.588347501142005e-09,9437184
3072,0,0.7853981633974483,lorentz,kahan,1,0.35355116702419415,0.35355116829313177,1.2689376216457049e-09,3.5891201484974865e-09,9437184
3072,0,0.7853981633974483,lorentz,sequential,2,0.3535511679933907,0.35355116829313177,2.997410653016175e-10,8.478010884498055e-10,9437184
3072,0,0.7853981633974483,lorentz,kahan,2,0.3535511680028974,0.35355116829313177,2.9023439207520596e-10,8.209119870156124e-10,9437184
3072,0,0.7853981633974483,lorentz,sequential,3,0.3535511685514107,0.35355116829313177,2.5827895377972254e-10,7.305277904373424e-10,9437184
3072,0,0.7853981633974483,lorentz,kahan,3,0.3535511685610031,0.35355116829313177,2.6787133622363513e-10,7.576593156709388e-10,9437184
3072,0,0.7853981633974483,lorentz,sequential,4,0.35355116858702657,0.35355116829313177,2.938947973873951e-10,8.312652417647361e-10,9437184
3072,0,0.7853981633974483,lorentz,kahan,4,0.35355116858918756,0.35355116829313177,2.9605579099367674e-10,8.373774931163989e-10,9437184
3072,0,0.7853981633974483,lorentz,sequential,5,0.3535511684912935,0.35355116829313177,1.9816170926389987e-10,5.604894765885842e-10,9437184
3072,0,0.7853981633974483,lorentz,kahan,5,0.35355116849360113,0.35355116829313177,2.0046936333173448e-10,5.67016548975236e-10,9437184
3072,0,0.7853981633974483,lorentz,sequential,6,0.3535511688788452,0.35355116829313177,5.857134222075899e-10,1.6566581438134885e-09,9437184
3072,0,0.7853981633974483,lorentz,kahan,6,0.3535511688834444,0.35355116829313177,5.903126321094021e-10,1.6696667556192878e-09,9437184
3072,0,0.7853981633974483,lorentz,sequential,7,0.35355116779863327,0.35355116829313177,4.944984977051092e-10,1.3986617555032855e-09,9437184
3072,0,0.7853981633974483,lorentz,kahan,7,0.35355116780555784,0.35355116829313177,4.875739256782197e-10,1.3790759850465793e-09,9437184
3072,0,0.7853981633974483,lorentz,sequential,8,0.353551168043563,0.35355116829313177,2.495687545511771e-10,7.05891471822992e-10,9437184
3072,0,0.7853981633974483,lorentz,kahan,8,0.35355116803964903,0.35355116829313177,2.5348273480219063e-10,7.169619493154279e-10,9437184
3072,0,0.7853981633974483,lorentz,sequential,9,0.35355116845608,0.35355116829313177,1.6294821048035146e-10,4.6089003542833707e-10,9437184
3072,0,0.7853981633974483,lorentz,kahan,9,0.35355116845933243,0.35355116829313177,1.662006643421421e-10,4.700894219768041e-10,9437184
4096,0,0.7853981633974483,clean,sequential,0,-1.5684608950736328e-08,-1.6187690078801016e-08,5.030811280646887e-10,0.031078005917812252,16777216
4096,0,0.7853981633974483,clean,kahan,0,-1.592153232054817e-08,-1.6187690078801016e-08,2.661577582528475e-10,0.01644198504896019,16777216
4096,0,0.7853981633974483,clean,sequential,1,-1.6806562926695756e-08,-1.6187690078801016e-08,6.188728478947398e-10,0.03823107836152607,16777216
4096,0,0.7853981633974483,clean,kahan,1,-1.6921159259119228e-08,-1.6187690078801016e-08,7.334691803182114e-10,0.0453103053460817,16777216
4096,0,0.7853981633974483,clean,sequential,2,-1.6065954544886824e-08,-1.6187690078801016e-08,1.2173553391419279e-10,0.007520253558203126,16777216
4096,0,0.7853981633974483,clean,kahan,2,-1.63688162805772e-08,-1.6187690078801016e-08,1.811262017761824e-10,0.011189132043822646,16777216
4096,0,0.7853981633974483,clean,sequential,3,-1.499437149160738e-08,-1.6187690078801016e-08,1.1933185871936379e-09,0.07371765714469523,16777216
4096,0,0.7853981633974483,clean,kahan,3,-1.4927068883676136e-08,-1.6187690078801016e-08,1.2606211951248809e-09,0.07787529838959284,16777216
4096,0,0.7853981633974483,clean,sequential,4,-1.3035227519854547e-08,-1.6187690078801016e-08,3.1524625589464696e-09,0.19474443503677238,16777216
4096,0,0.7853981633974483,clean,kahan,4,-1.3436769430687296e-08,-1.6187690078801016e-08,2.75092064811372e-09,0.16993904842027185,16777216
4096,0,0.7853981633974483,clean,sequential,5,-1.539084210904465e-08,-1.6187690078801016e-08,7.96847969756366e-10,0.04922555138363426,16777216
4096,0,0.7853981633974483,clean,kahan,5,-1.5696432328840414e-08,-1.6187690078801016e-08,4.912577499606025e-10,0.03034761275816252,16777216
4096,0,0.7853981633974483,clean,sequential,6,-1.6058106283260693e-08,-1.6187690078801016e-08,1.295837955403234e-10,0.008005082560236498,16777216
4096,0,0.7853981633974483,clean,kahan,6,-1.613905131171847e-08,-1.6187690078801016e-08,4.8638767082546026e-11,0.003004676198134168,16777216
4096,0,0.7853981633974483,clean,sequential,7,-1.7102178828331456e-08,-1.6187690078801016e-08,9.144887495304396e-10,0.05649285012739592,16777216
4096,0,0.7853981633974483,clean,kahan,7,-1.7102178828331552e-08,-1.6187690078801016e-08,9.144887495305355e-10,0.05649285012740184,16777216
4096,0,0.7853981633974483,clean,sequential,8,-1.6458787676191775e-08,-1.6187690078801016e-08,2.7109759739075893e-10,0.01674714527341868,16777216
4096,0,0.7853981633974483,clean,kahan,8,-1.651244786359646e-08,-1.6187690078801016e-08,3.247577847954444e-10,0.020062021401110148,16777216
4096,0,0.7853981633974483,clean,sequential,9,-1.557016245160114e-08,-1.6187690078801016e-08,6.175276271998766e-10,0.03814797690058169,16777216
4096,0,0.7853981633974483,clean,kahan,9,-1.5502405096318994e-08,-1.6187690078801016e-08,6.852849824820226e-10,0.042333710316053944,16777216
4096,0,0.7853981633974483,jackson,sequential,0,0.3535525576169216,0.3535525572469009,3.7002073627334653e-10,1.0465791540434121e-09,16777216
4096,0,0.7853981633974483,jackson,kahan,0,0.35355255765627003,0.3535525572469009,4.0936914968980886e-10,1.15787353619374e-09,16777216
4096,0,0.7853981633974483,jackson,sequential,1,0.3535525565428285,0.3535525572469009,7.040723559725848e-10,1.9914220433170308e-09,16777216
4096,0,0.7853981633974483,jackson,kahan,1,0.3535525565158787,0.3535525572469009,7.31022187228092e-10,2.067647856716216e-09,16777216
4096,0,0.7853981633974483,jackson,sequential,2,0.3535525571699654,0.3535525572469009,7.693545800435686e-11,2.176068491865823e-10,16777216
4096,0,0.7853981633974483,jackson,kahan,2,0.3535525571851552,0.3535525572469009,6.174566413719162e-11,1.7464352292627314e-10,16777216
4096,0,0.7853981633974483,jackson,sequential,3,0.35355255840393757,0.3535525572469009,1.1570366886815009e-09,3.2726016683100744e-09,16777216
4096,0,0.7853981633974483,jackson,kahan,3,0.35355255840369093,0.3535525572469009,1.1567900526365804e-09,3.2719040745864112e-09,16777216
4096,0,0.7853981633974483,jackson,sequential,4,0.3535525600256125,0.3535525572469009,2.778711594153549e-09,7.859401769828116e-09,16777216
4096,0,0.7853981633974483,jackson,kahan,4,0.3535525599903486,0.3535525572469009,2.743447746755834e-09,7.75966031222896e-09,16777216
4096,0,0.7853981633974483,jackson,sequential,5,0.35355255772760263,0.3535525572469009,4.807017561780924e-10,1.3596330908233194e-09,16777216
4096,0,0.7853981633974483,jackson,kahan,5,0.3535525576997504,0.3535525572469009,4.528495356481699e-10,1.2808549291072604e-09,16777216
4096,0,0.7853981633974483,jackson,sequential,6,0.35355255698734167,0.3535525572469009,2.5955920746056904e-10,7.341460332849685e-10,16777216
4096,0,0.7853981633974483,jackson,kahan,6,0.35355255699469706,0.3535525572469009,2.522038133889737e-10,7.133417881428276e-10,16777216
4096,0,0.7853981633974483,jackson,sequential,7,0.35355255610362935,0.3535525572469009,1.1432715329995347e-09,3.23366783683349e-09,16777216
4096,0,0.7853981633974483,jackson,kahan,7,0.35355255614244135,0.3535525572469009,1.10445952383742e-09,3.123890638602081e-09,16777216
4096,0,0.7853981633974483,jackson,sequential,8,0.3535525567857254,0.3535525572469009,4.6117548668789254e-10,1.3044043303746605e-09,16777216
4096,0,0.7853981633974483,jackson,kahan,8,0.35355255679785075,0.3535525572469009,4.4905013041329767e-10,1.270108562953221e-09,16777216
4096,0,0.7853981633974483,jackson,sequential,9,0.3535525578773454,0.3535525572469009,6.304445299143424e-10,1.7831706120967922e-09,16777216
4096,0,0.7853981633974483,jackson,kahan,9,0.35355255786727346,0.3535525572469009,6.20372586634943e-10,1.7546827873789364e-09,16777216
4096,0,0.7853981633974483,lorentz,sequential,0,0.35355213991315954,0.35355213949378167,4.193778657679559e-10,1.1861839285385853e-09,16777216
4096,0,0.7853981633974483,lorentz,kahan,0,0.35355213991859147,0.35355213949378167,4.2480979844938815e-10,1.2015478086418418e-09,16777216
4096,0,0.7853981633974483,lorentz,sequential,1,0.35355213872018376,0.35355213949378167,7.735979079548372e-10,2.1880730493173647e-09,16777216
4096,0,0.7853981633974483,lorentz,kahan,1,0.35355213873782093,0.35355213949378167,7.559607384521883e-10,2.138187424164871e-09,16777216
4096,0,0.7853981633974483,lorentz,sequential,2,0.3535521394287231,0.35355213949378167,6.505856964267309e-11,1.8401407423477733e-10,16777216
4096,0,0.7853981633974483,lorentz,kahan,2,0.3535521394169498,0.35355213949378167,7.683187419615933e-11,2.173141260187754e-10,16777216
4096,0,0.7853981633974483,lorentz,sequential,3,0.35355214068328783,0.35355213949378167,1.1895061602373858e-09,3.3644433942346627e-09,16777216
4096,0,0.7853981633974483,lorentz,kahan,3,0.3535521406724849,0.35355213949378167,1.1787032461185731e-09,3.333888030790164e-09,16777216
4096,0,0.7853981633974483,lorentz,sequential,4,0.35355214228674336,0.35355213949378167,2.7929616952526715e-09,7.899716571512345e-09,16777216
4096,0,0.7853981633974483,lorentz,kahan,4,0.3535521422800148,0.35355213949378167,2.7862331331007795e-09,7.88068525646635e-09,16777216
4096,0,0.7853981633974483,lorentz,sequential,5,0.3535521399606088,0.35355213949378167,4.668271325058981e-10,1.3203911965412071e-09,16777216
4096,0,0.7853981633974483,lorentz,kahan,5,0.3535521399666205,0.35355213949378167,4.728388236507897e-10,1.3373948870110175e-09,16777216
4096,0,0.7853981633974483,lorentz,sequential,6,0.35355213926939727,0.35355213949378167,2.2438439994942883e-10,6.346571690124798e-10,16777216
4096,0,0.7853981633974483,lorentz,kahan,6,0.3535521392808285,0.35355213949378167,2.129531551098296e-10,6.023246116251407e-10,16777216
4096,0,0.7853981633974483,lorentz,sequential,7,0.35355213838369837,0.35355213949378167,1.1100833030575075e-09,3.139800835732269e-09,16777216
4096,0,0.7853981633974483,lorentz,kahan,7,0.35355213837635063,0.35355213949378167,1.117431036590233e-09,3.1605834381038624e-09,16777216
4096,0,0.7853981633974483,lorentz,sequential,8,0.35355213902959126,0.35355213949378167,4.641904083335646e-10,1.3129333879811774e-09,16777216
4096,0,0.7853981633974483,lorentz,kahan,8,0.3535521390415057,0.35355213949378167,4.522759944336485e-10,1.2792342172818422e-09,16777216
4096,0,0.7853981633974483,lorentz,sequential,9,0.3535521401460821,0.35355213949378167,6.523004358882645e-10,1.8449907751151856e-09,16777216
4096,0,0.7853981633974483,lorentz,kahan,9,0.353552140143399,0.35355213949378167,6.496173043935016e-10,1.8374017063611269e-09,16777216
6144,0,0.7853981633974483,clean,sequential,0,-4.631236511772523e-08,-4.4427292231260646e-08,1.885072886464584e-09,0.04243051493329991,37748736
6144,0,0.7853981633974483,clean,kahan,0,-4.482534128032645e-08,-4.4427292231260646e-08,3.980490490658066e-10,0.008959561320861346,37748736
6144,0,0.7853981633974483,clean,sequential,1,-4.953714461419079e-08,-4.4427292231260646e-08,5.109852382930145e-09,0.11501606616787392,37748736
6144,0,0.7853981633974483,clean,kahan,1,-4.859672709255769e-08,-4.4427292231260646e-08,4.1694348612970435e-09,0.09384850284355792,37748736
6144,0,0.7853981633974483,clean,sequential,2,-4.4130958664275835e-08,-4.4427292231260646e-08,2.963335669848116e-10,0.00667007940619664,37748736
6144,0,0.7853981633974483,clean,kahan,2,-4.3571619422685715e-08,-4.4427292231260646e-08,8.556728085749309e-10,0.019260071131970737,37748736
6144,0,0.7853981633974483,jackson,sequential,0,0.3535530184273329,0.35355301917450316,7.471702700989624e-10,2.11331887885868e-09,37748736
6144,0,0.7853981633974483,jackson,kahan,0,0.3535530184733205,0.35355301917450316,7.011826674840904e-10,1.983246159575313e-09,37748736
6144,0,0.7853981633974483,jackson,sequential,1,0.3535530149521958,0.35355301917450316,4.2223073370983855e-09,1.194250114723071e-08,37748736
6144,0,0.7853981633974483,jackson,kahan,1,0.35355301496090596,0.35355301917450316,4.213597193380991e-09,1.191786511459908e-08,37748736
6144,0,0.7853981633974483,jackson,sequential,2,0.35355302065795224,0.35355301917450316,1.4834490857928984e-09,4.195832040287888e-09,37748736
6144,0,0.7853981633974483,jackson,kahan,2,0.3535530206870831,0.35355301917450316,1.5125799501802817e-09,4.278226653846555e-09,37748736
6144,0,0.7853981633974483,lorentz,sequential,0,0.35355283295249174,0.3535528336409179,6.884261494199961e-10,1.947166261773449e-09,37748736
6144,0,0.7853981633974483,lorentz,kahan,0,0.3535528329380754,0.3535528336409179,7.028425064170563e-10,1.9879419411778514e-09,37748736
6144,0,0.7853981633974483,lorentz,sequential,1,0.353552829346662,0.3535528336409179,4.294255895320731e-09,1.2146008988524033e-08,37748736
6144,0,0.7853981633974483,lorentz,kahan,1,0.35355282934214577,0.3535528336409179,4.2987721160514525e-09,1.2158782809862738e-08,37748736
6144,0,0.7853981633974483,lorentz,sequential,2,0.3535528350703762,0.3535528336409179,1.4294583294827135e-09,4.04312508193479e-09,37748736
6144,0,0.7853981633974483,lorentz,kahan,2,0.35355283510416313,0.3535528336409179,1.4632452471907698e-09,4.138689066983689e-09,37748736
8192,0,0.7853981633974483,clean,sequential,0,-8.737388223521578e-08,-7.973791540036007e-08,7.63596683485571e-09,0.09576331155029454,67108864
8192,0,0.7853981633974483,clean,kahan,0,-8.692095387373253e-08,-7.973791540036007e-08,7.18303847337246e-09,0.09008309832664654,67108864
8192,0,0.7853981633974483,clean,sequential,1,-7.875845361242801e-08,-7.973791540036007e-08,9.794617879320602e-10,0.012283513846759497,67108864
8192,0,0.7853981633974483,clean,kahan,1,-7.7485161029946e-08,-7.973791540036007e-08,2.252754370414067e-09,0.02825198475660043,67108864
8192,0,0.7853981633974483,clean,sequential,2,-6.931470886964471e-08,-7.973791540036007e-08,1.0423206530715355e-08,0.13071832237375355,67108864
8192,0,0.7853981633974483,clean,kahan,2,-6.837701983211697e-08,-7.973791540036007e-08,1.1360895568243098e-08,0.14247796059378542,67108864
8192,0,0.7853981633974483,jackson,sequential,0,0.35355317266291797,0.3535531798731826,7.210264607593331e-09,2.039372014750259e-08,67108864
8192,0,0.7853981633974483,jackson,kahan,0,0.35355317267942776,0.3535531798731826,7.1937548140610375e-09,2.0347023371820313e-08,67108864
8192,0,0.7853981633974483,jackson,sequential,1,0.3535531823905723,0.3535531798731826,2.5173897411079338e-09,7.1202576710267645e-09,67108864
8192,0,0.7853981633974483,jackson,kahan,1,0.35355318229936555,0.3535531798731826,2.426182976744684e-09,6.862285830988542e-09,67108864
8192,0,0.7853981633974483,jackson,sequential,2,0.35355319106168925,0.3535531798731826,1.1188506676695908e-08,3.164589463092698e-08,67108864
8192,0,0.7853981633974483,jackson,kahan,2,0.3535531910341653,0.3535531798731826,1.1160982749114368e-08,3.1568045161177015e-08,67108864
8192,0,0.7853981633974483,lorentz,sequential,0,0.3535530692113215,0.35355307642678063,7.215459119080947e-09,2.0408418424765818e-08,67108864
8192,0,0.7853981633974483,lorentz,kahan,0,0.35355306919799045,0.35355307642678063,7.228790177560285e-09,2.044612438567576e-08,67108864
8192,0,0.7853981633974483,lorentz,sequential,1,0.35355307869497293,0.35355307642678063,2.2681923006473426e-09,6.415422328016642e-09,67108864
8192,0,0.7853981633974483,lorentz,kahan,1,0.3535530786715338,0.35355307642678063,2.244753161129154e-09,6.3491263711122954e-09,67108864
8192,0,0.7853981633974483,lorentz,sequential,2,0.35355308741817854,0.35355307642678063,1.0991397902948563e-08,3.108839559263412e-08,67108864
8192,0,0.7853981633974483,lorentz,kahan,2,0.35355308738593433,0.35355307642678063,1.0959153695644375e-08,3.099719512103855e-08,67108864
